"microsample"	"D300430.bin_000010"	"D300435.bin_000001"	"D300442.bin_000015"	"D300443.bin_000003"	"D300444.bin_000010"	"D300452.bin_000016"	"D300479.bin_000001"	"D300479.bin_000005"	"D300481.bin_000002"	"D300492.bin_000003"	"D300493.bin_000002"	"D300499.bin_000015"	"D300509.bin_000001"	"D300511.bin_000002"	"GPB.bin_000001"	"GPB.bin_000004"	"GPB.bin_000010"	"GPB.bin_000014"	"GPB.bin_000015"	"GPB.bin_000019"	"GPB.bin_000021"	"GPB.bin_000022"	"GPB.bin_000023"	"GPB.bin_000026"	"GPB.bin_000028"	"GPB.bin_000033"	"GPB.bin_000034"	"GPB.bin_000038"	"GPB.bin_000053"	"GPB.bin_000054"	"GPB.bin_000056"	"GPB.bin_000059"	"GPB.bin_000060"	"GPB.bin_000061"	"GPB.bin_000065"	"GPB.bin_000067"	"GPB.bin_000070"	"GPB.bin_000074"	"GPB.bin_000075"	"GPB.bin_000078"	"GPB.bin_000080"	"GPB.bin_000085"	"GPB.bin_000086"	"GPB.bin_000087"	"GPB.bin_000088"	"GPB.bin_000092"	"GPB.bin_000093"	"GPB.bin_000097"	"GPB.bin_000104"	"GPB.bin_000111"	"GPB.bin_000112"	"GPB.bin_000115"	"GPB.bin_000122"	"GPB.bin_000123"	"GPB.bin_000124"	"GPB.bin_000126"	"GPB.bin_000130"	"GPB.bin_000131"	"GPB.bin_000135"	"GPB.bin_000137"	"GPB.bin_000140"	"GPB.bin_000143"	"GPB.bin_000146"	"GPB.bin_000147"	"GPB.bin_000156"	"GPB.bin_000166"	"GPB.bin_000171"	"GPB.bin_000181"	"GPB.bin_000184"	"GPB.bin_000186"	"GPB.bin_000193"	"GPB.bin_000194"	"GPB.bin_000197"	"GPB.bin_000208"	"GPB.bin_000209"	"GPB.bin_000210"	"GPB.bin_000215"	"GPB.bin_000217"	"TG1.bin_000047"	"TG2_28.bin_000031"	"TG3_28.bin_000041"	"TG5.bin_000031"	"TG5.bin_000047"	"TG5_28.bin_000003"	"TG5_28.bin_000004"	"TG5_35.bin_000001"	"TG5_35.bin_000022"	"TG5_35.bin_000024"
"M301570"	0.279677456566478	-1.04465553185453	1.03421677149393	0.815672475103363	0.384752065636444	1.69208732868719	1.21970997879585	-0.497588427673809	0.124501293471223	-0.134492637992675	2.82454614521841	2.53720282185861	0.628724696833768	3.00502789243546	0.0182349853588981	0.70265678276999	0.604477969872008	0.097503661324482	0.485750197396265	-1.12896177655577	-0.17375697227366	-0.0526508987896914	0.630505778060851	-1.03064402183787	-4.28048466168332	-0.754721644436414	0.983256402891602	-3.54113520191142	2.30250103183231	0.752950819142489	0.00504879260295166	0.249596281688866	0.63622035599882	-5.02434012361491	0.0266210479112932	0.287198182384965	2.87148424213624	1.53340592103254	0.701534354170606	-4.07582287889098	-1.47729800540772	2.39896716943581	-0.720906024301635	0.603385404320169	-1.23339437412703	2.15081683777143	-0.421562046981241	-4.96720826418014	1.02639784911539	1.66496946165569	1.03468707448399	-0.731915643882759	-6.08783455589197	1.46537934233524	0.503468204105725	-0.398610685195361	1.18982199065973	0.0309112271232008	1.12982312952364	-5.10596632485935	-0.105127915910556	2.80142439707874	-3.36946003857081	2.77662489635453	-0.850580929323264	1.38016586503538	2.06541667876741	-4.26174893347553	1.26687754122215	-0.221146167195084	-4.87369754724788	0.322436617472479	-4.35775770530387	2.33301053885457	0.31287517651791	-0.204796363860979	-0.391058634133813	-0.990643591486194	-0.577324382303558	0.441449150155536	-0.7775910623143	-1.10283025494725	1.14886615394149	1.6681991978729	3.43829254882584	3.6345763833151	0.396305008251228	0.347500651544148
"M301571"	0.530674424025483	-0.725762987154575	0.697617445315791	0.708938188587209	0.509707131166995	1.69000042170494	1.24211135634428	-0.758278185161243	0.555674912089027	-0.0526786793068652	2.75201663278701	2.60219627478503	0.520671730015883	3.00631420126865	-0.062801207022634	0.642931114197295	0.620435879485842	-0.258359881890328	0.424233561772493	-1.0824877474699	0.233389404080077	0.0127189315096858	0.561485763453174	-0.8189376826981	-4.13034655154575	-1.31820042980941	1.00624270476267	-3.39099709177385	2.31185338460776	0.648608017358971	-0.00705761857573428	0.364758106851025	0.397665145250821	-4.87420201347734	-0.161691926673623	0.466770249405613	2.96837393940025	1.61363211413563	0.619088929901142	-3.92568476875341	-4.6929498773667	2.35498856135156	0.491927909655457	0.712309394607878	-0.173142872760644	2.19450765311076	-0.315486923785094	-4.81707015404258	1.32729654443578	1.31286495405794	0.827308734057332	-0.815193059508747	-5.9376964457544	1.08486001665416	0.5353150741369	-0.336087284939858	1.22089786172502	0.339214231540487	1.15845734391104	-4.95582821472179	-0.249042605234225	2.80581133884083	-0.750869974969154	2.93469283461348	-0.459354997680706	1.59764976500555	1.81462475080186	-4.11161082333796	1.12343070842197	-0.369519372478593	-4.72355943711031	0.34563106350362	-4.20761959516631	2.3122202620271	0.840282979009594	-0.251692967246304	-0.774386160821285	-3.40401425813533	-0.876018999187411	-0.283061294660745	-1.13643664440592	-1.09154820101594	1.02983114919369	2.22198932956321	3.5772154372593	3.54737948627529	0.409341158507584	0.471518429112592
"M301572"	0.822141113824349	-0.651960888706212	1.12059913557067	0.847548060593509	0.664872115035405	1.86276971780989	1.46552576880526	-2.63654857364736	0.635823185934492	0.190986971946685	2.82911363383324	2.77619325374598	0.766741613819961	3.22230310029152	0.665124089766246	0.79524100519114	0.809514881117552	-0.0692530546698942	0.654327818462042	-1.20826882673744	1.15892282521224	0.232344462822105	0.906733806347102	-0.768288000275211	-4.18270773587685	-0.579295904362934	1.10009546102331	-3.44335827610494	2.31005678995576	1.00580109510674	0.315348799981086	0.338128117786076	0.779730018315443	-4.92656319780843	0.454648998844032	0.632955024791807	2.78120340298193	1.62794652116974	0.817289519030119	-3.97804595308451	-4.74531106169779	2.50651384282575	-2.77567126653766	0.749949143502792	-1.13561744832056	2.37613920907616	0.00372211268633116	-4.86943133837367	1.46436636808427	1.70076917527645	1.1033735213014	-0.867833429880129	-5.9900576300855	1.28946919842068	0.790005399476098	-0.124732127992605	1.54652118693039	-0.133429976017989	1.35800751005543	-5.00818939905288	0.0899651750627024	3.07095938652466	-0.593269140703415	3.16943462978539	-0.44630014211475	1.90132328249752	2.0282290058195	-4.16397200766905	1.28766475096781	-0.188250017224878	-4.7759206214414	0.426614038882026	-4.2599807794974	2.48753212018322	0.922078300223983	0.0553063203280155	-0.367257066819942	-3.45637544246642	-0.376331177455517	0.540422820574792	-3.01822636439387	-3.84011363633663	1.19744735075044	-1.58518218829424	3.67670495892103	3.7366605360411	0.59063870840445	0.505894311932234
"M301573"	0.229580030759378	-0.730703827909129	0.974399822558605	0.706475719221064	0.574789266316767	1.5835801390649	1.41016675128941	-0.765521463952563	0.421402182105629	-0.103182534422153	2.74470964755265	2.3513970638911	0.138333231123587	2.87474703115454	-0.164186452078973	0.682050257171507	0.520814275899081	-0.209933191600349	0.495341228166329	-0.965612769505833	0.743055675087406	-0.203305866193715	0.575321916515376	-0.964937702750091	-1.43655518409039	-0.961233118275336	0.927399167987536	-3.67339708993772	2.0510810604637	0.306765409915751	-0.531983944639142	0.430480659129801	0.359078936131291	-5.15660201164121	0.033133107450106	0.120096751859159	2.8624008413504	1.47158934035681	0.630730232443147	-4.20808476691728	-4.97534987553057	2.2522792808225	-3.00571008037044	0.532653439177904	-1.36565626215334	2.01291269609105	-0.562563379901005	-5.09947015220645	1.23670233524551	1.44255669750883	0.819728419738448	-1.01834009064906	-1.46419368036491	1.0286370514701	0.260664867750106	-0.303961900094258	1.13777873568086	-0.400502324067531	1.05441506786983	-1.19721440234855	-0.201387524518339	2.70107432313175	-1.08343435455443	2.76266568366815	-0.304925921323775	1.67753229176559	1.74396328839594	-4.39401082150183	1.17016979936233	-0.354078941780919	-5.00595943527418	0.235952177200107	-4.49001959333018	2.23187324715855	0.391161565678066	-0.358223025715353	-0.629145225715059	-0.931014377289552	-0.665583526599665	0.0186925252934493	-0.963301262505518	-1.42329225437893	0.970830596753967	0.526316099295362	3.38854322398483	3.5711450086435	0.439145356581457	0.446264812854553
"M301576"	0.74352857669261	-0.606224302108493	1.01226069345193	0.88357437305513	0.635932106597081	1.94558856885923	1.38380457931614	-0.231862900529434	0.290275933126705	0.0161615987623627	3.01488885194881	2.50228374226284	0.358051708105524	3.09765736031535	0.364886184409754	0.871388689666	0.505739941932123	-0.122085776439085	0.703278519395672	-1.06939355712606	-1.49703528314513	0.121130946404092	1.11084493795764	-0.836421532809154	-4.21439933640664	-0.90780359032479	1.33731374861734	-3.47504987663474	2.6450216560145	0.652873672929821	-0.03855594185878	0.424301049303598	0.547479575553562	-4.95825479833823	0.564477189386405	0.540922284649361	3.02156735921584	1.68962216085112	1.12945213027177	-4.0097375536143	-4.77700266222759	2.52698570924959	-2.80736286706746	0.707228527994035	-1.16730904885036	2.2948177141219	-0.106744342874912	-4.90112293890347	0.735042028843373	2.00693641581848	1.02495817015111	-1.08814042225896	-6.0217492306153	1.07522368139631	0.727523225358967	-2.69597362557635	1.58647518087841	-0.282967292701882	1.42872223345341	-5.03988099958268	-0.260558521724551	2.89034572303463	-0.656136561075682	2.89597040185108	-0.32432689753168	1.29726431013245	2.07381404405252	-4.19566360819885	1.25472127990587	-0.488534444468053	-4.8076122219712	0.677205579006305	-4.2916723800272	2.58560357759659	0.895569471542531	0.0088952626920662	-0.245914134262409	-0.662321987161127	-0.333135894545438	0.382118009742943	-0.315714586341734	-3.87180523686643	1.01599823450838	0.488735575832492	3.53430017292414	3.68032772807966	0.791084301544309	0.608299655404271
"M301577"	0.48699581219593	-0.815256448026858	0.445154989365797	0.65250424895521	0.428092408122111	1.61778555820857	0.778368181673624	-0.952184609269631	0.442404512025401	-0.165149591608763	2.78654742382568	2.60327237460466	-0.063771731188826	2.87449626865151	-0.143282093345704	0.506748276218664	0.350497009436053	-0.3820584544364	0.562022850234308	-1.38887466780917	0.639993759476935	-0.0300777979646156	0.552113060691951	-1.11442865069953	-1.78934242382984	-1.29186549600728	1.06176746628202	-3.73191524882045	2.25622024082942	0.561573672541666	-0.211629219474107	0.157941445463369	0.31356431392705	-5.21512017052394	0.164092182499678	0.114679534854787	2.7014396068027	1.44011202120386	0.582705566088591	-1.90749363861359	-1.61366840769558	2.41898574762201	-3.06422823925317	0.580465711930649	-0.271896032410684	2.0157593175974	-0.745487994235534	-1.7124407259185	0.99093501232698	1.11196976498295	0.914267528162823	-1.21564794271286	-6.278614602801	1.15456517908319	0.429590117643008	-0.341152224346946	1.12415147648742	-0.341340221653713	1.01754992167101	-5.29674637176838	-0.185755793911662	2.64113335168793	-1.01105314707156	2.62478596511228	-0.734302305496654	1.30510859840638	1.85498168392147	-4.45252898038456	1.21207304287651	-0.506382887518051	-2.11474556527841	0.491693090107675	-4.54853775221291	2.26696632514334	0.381947488557926	-0.223173737143065	-0.539108433444655	-1.03018350637175	-1.32528004701022	0.0939441750168406	-0.932113472312974	-1.72837265679234	0.925716284995397	1.36244333383345	3.04864604465701	3.30029836118939	0.566883579131326	0.499257403039991
"M301578"	0.208354160877438	-0.760955397659096	1.28310292840974	0.847487091892559	0.588434847669831	1.76569349275342	1.38900347499406	-0.308414585225324	0.473590882956203	-0.0916167035433828	2.89677004127495	2.60907971341558	0.830358041249542	3.01261293272488	0.0593009012198129	0.691411011046316	0.488873531235788	0.511788021773541	0.509950709576608	-0.955067283140785	-1.53120109671862	-0.00635078086690744	0.6418747687486	-0.907026186557924	-4.24856514998014	-0.991501932786389	1.08373838025347	-3.50921569020823	2.48982502186177	0.953201643483022	-0.336145647526014	0.276591249356327	0.81683743281317	-4.99242061191173	0.147071471290147	-0.0339668383377454	2.81250792678104	1.6510132134059	0.884593163242996	-4.0439033671878	-4.81116847580108	2.40165635636256	-2.84152868064096	0.591738466504544	0.180293043932431	2.26302700461229	-0.443219784783918	-4.93528875247696	1.2244567245259	1.9433360440263	0.845460171500563	-0.693102819994465	-6.05591504418879	1.11377550683734	0.754476636764297	-0.26636506744648	1.29273262285845	-0.0160926405548851	1.37247261006496	-5.07404681315617	-0.138758094300217	2.98429189923971	-0.514908993250888	2.98603556900221	-0.776206865431239	1.40031109229768	1.92202569396601	-4.22982942177235	1.21591111749687	-0.0406877706034354	-4.8417780355447	0.594422143775969	-4.32583819360069	2.40604425816141	0.661057260537291	-0.0363723827903746	-0.0912053368707912	-0.950339260509634	-0.535216423704067	-0.123687194009439	-0.781061231303396	-3.90597105043993	1.09852163529796	1.97164765734052	3.54568806595093	3.79652291464115	0.314539240604797	0.341429814216115
"M301579"	0.40991453374602	-2.88509059488292	1.18008763492906	0.977256521214472	0.469855769663884	1.82386921447826	1.45014079722915	-0.319013425357064	0.566151063131867	0.120319526611978	2.85724668263979	2.7863984826784	0.758156034926042	3.05949460160935	-0.0839171897226629	0.847836178742487	0.568453360668466	0.146591204861912	0.517702611133069	-3.20415960065551	0.370950503506986	0.0750405075894953	0.607325014051081	-0.55634276152041	-1.05032506041406	-0.67205411007529	0.986117147671547	-3.51608342735234	2.431619553218	0.782250381515372	-0.212532957873627	0.464042116989082	0.726188861712653	-4.99928834905583	0.0992087719785157	0.232017386434312	2.81232130969266	1.57093529507586	0.684532998668364	-4.0507711043319	-4.81803621294519	2.46198767629993	-0.0249016869416918	0.909555894548324	-1.20834259956796	2.3118003261048	-0.53569099379015	-4.94215648962107	1.2626428592443	1.37733802485918	0.989251571828759	-1.09852144421742	-6.0627827813329	1.00653782700142	0.387232137532896	-2.73700717629395	1.46251981430638	-0.401960345763849	1.32578892608374	-5.08091455030027	-0.350175150480247	2.85708608130644	-3.34440826401173	2.8759426967925	-0.189715154475514	1.59680609036148	2.08012192730432	-4.23669715891645	1.144197381235	-0.229315573658268	-4.8486457726888	0.281882111735058	-4.3327059307448	2.44563819643822	0.686485404324527	0.132054558692569	-0.336960224960626	-0.715465718209219	-0.210401443802707	-0.242159962262172	-0.687494522333919	-1.06745655009431	1.12632158763278	1.69316453316828	3.65416820696715	4.10246881409765	0.328623074963465	0.369854499457521
"M301580"	0.458044043232832	-0.22955062735886	1.26333231854928	1.0723921906272	0.689355501682582	1.94342268651345	1.34478284054993	-0.454104489646505	0.601846786827791	0.0131850426749276	3.11040525758593	3.13305545409582	0.881744278342217	3.21326546965389	0.207422234795803	0.732635933625884	0.89476342827498	0.00185952914858412	0.799731909168934	-0.697445372547083	1.1419502969963	0.0507042420855806	0.684304651659248	-3.11295525351295	-4.115976868341	-0.619213999075432	1.35763412426377	-3.3766274085691	2.33562834024085	0.786591090499457	0.306466242235007	0.336519748694926	0.67826126664017	-4.85983233027259	0.246068535930581	0.461488634702017	3.30204051974149	1.92422499523868	0.640360641504629	-3.91131508554866	-4.67858019416195	2.75506618321694	-2.70894039900182	0.959907853377779	0.427090454423017	2.43805640499878	-0.0285897695130046	-4.80270047083783	1.12028575241349	2.07377919329253	1.30252109535812	-0.490892376690538	-5.92332676254965	1.60963051514159	0.640757563677111	-2.59755115751071	1.44083909062236	-0.182926479526293	1.61296620538055	-4.94145853151703	0.221050232638692	3.18003485120909	-3.20495224522849	3.01617771275382	-0.328963547471517	1.58714061878198	2.0926548257639	-4.09724114013321	1.45702821464421	-0.103497857610445	-4.70918975390556	0.143992189326236	-4.19324991196155	2.54051036006009	0.847567316999152	0.0671524628445015	-0.243360957197889	-3.38964457493058	-0.329876254327207	-1.7605625571421	-2.95149549685803	-3.77338276880079	1.40799636264682	0.88796838596301	3.57602665415387	3.96627704028968	0.175771016060266	0.655667849928059
"M301582"	0.932491978620646	-0.73229671084836	0.643306608591764	1.01266380073741	0.64931723487598	1.88965699572891	1.22512213939079	-0.320893389399107	0.607078263579501	0.332781992720455	2.91325016465434	2.72863251293319	0.854044119703795	3.05118909136465	-0.0861686287145291	0.919380813910143	0.857375347845226	-0.0165781806582368	0.713571772207403	-0.770276139384571	-0.100840774254762	0.202578477412668	0.891288266545398	-0.778751839811281	-4.19420882383695	-0.826826069823824	1.14521831821867	-3.45485936406505	2.49637191033936	0.893018255007878	0.291827115235066	0.529260182849984	0.666164660036233	-4.93806428576854	0.222828161982337	0.501744826327478	2.9351762594676	1.67820330673381	0.858660253750891	-3.98954704104461	-4.7568121496579	2.49958262394411	-0.231875207821701	0.689239958293227	1.35706405575095	2.32447533293913	-0.337091476428065	-4.88093242633378	1.63216528177712	1.30525423650719	0.99671369729163	-0.965484235878513	-6.00155871804561	1.37474311259269	0.609863633823979	-2.67578311300666	1.48604172185051	-0.571087876701792	1.1350922216552	-5.01969048701299	-0.114136952397044	3.04988690313138	-3.28318420072445	3.19582974375179	-0.406483032161903	1.96959485937658	1.96655561740352	-4.17547309562916	1.34690372368199	-0.0991977937197088	-4.78742170940151	0.692304351420849	-4.27148186745751	2.51847779412908	0.823296171509445	-0.0133012780626078	-0.30125581784837	-3.46787653042653	-0.302530904082711	0.32810668484276	-3.02972745235398	-3.85161472429674	1.32614868440088	-0.187758259718378	3.55576735991562	3.91900793379512	0.577869243280155	0.618882778940942
"M301583"	0.383803397128516	-0.675481699395919	0.896241841356693	1.16550706256159	0.582954611996555	1.74226618718515	1.68394152074956	-0.230269387008621	0.881239602704592	0.37504132647947	3.05704789349283	2.71599847073573	0.673065345091832	3.22000713317138	-0.0189359720816142	0.898614529672386	0.958263481714035	-2.15501043954815	0.473264821449582	-0.527190613317917	-1.31378790330243	-0.0680939391662045	0.736332323773259	-3.02813034173589	-4.03115195656394	-3.00146857779237	1.01347455035316	-3.29180249679204	2.06680790374705	0.897255308839733	-0.257796397364255	0.3624867597237	0.746036587946208	-4.77500741849553	0.241610129655649	0.531175159192875	2.98230385583542	1.63205645441593	0.605371296478014	-3.8264901737716	-4.59375528238488	2.54098831157883	0.633523030126575	0.811984216810127	0.119601361861753	2.32419341169914	-0.287487766325398	-4.71787555906076	0.903937827133585	1.39700269759949	1.09562349672574	-0.316000927192817	-5.83850185077259	1.29373875884084	0.621351711889818	0.0780029518124454	1.34889654168759	-0.045554887099482	1.30623547779386	-4.85663361973997	-0.119408064639807	3.05443580964737	-0.393862157558369	2.82578167407124	-0.189988064282371	1.2953089699705	1.92556451335512	-4.01241622835615	1.31334193851438	-0.107532594616305	-4.6243648421285	0.353704028634255	-4.1084250001845	2.36852031348357	0.430297340116391	0.0113711243006893	-0.33732562786642	-3.30481966315352	-0.509038540060413	-0.209189713263955	-0.440024664472731	-3.68855785702373	1.1023945426975	0.867852643161412	3.62852359688872	3.87159681396362	0.489844659197659	0.36559490750602
"M301584"	0.0242691080022013	-0.672178925383363	1.31583248448155	0.85017250665866	0.312807887631001	1.65423215125784	1.58651165904907	-0.872851273948641	0.163726284366438	0.0103051069773796	2.85604412423072	2.62789613428087	0.620554226563982	3.05789601057644	0.417515357190037	0.785210047006271	0.862205921556958	0.107963154663695	0.340371647047597	-0.874899487524947	0.140419979385004	0.027308211127985	0.752593248024182	-0.854359759278563	-1.03165735386134	-0.632215106126262	0.958995893738932	-3.54237686166012	2.42263442737603	0.54307232271583	0.094997435776035	0.305991208958456	0.688375969329564	-5.02558178336361	0.1694389030307	0.533641813634165	2.88596344520321	1.59623694251492	0.747497745157703	-4.07706453863968	-4.84432964725297	2.43229168621752	-2.87468985209284	0.78795922737827	0.0461493671555093	2.23462994561478	-0.423244673285924	-4.96844992392885	1.2169528897076	1.75335789803935	0.977746642088824	-1.03227637716827	-6.08907621564068	1.1757624445767	0.660419950172972	-0.221842464726606	1.50280694910693	-0.45727162229361	1.28181638257653	-5.10720798460806	-0.174674708457703	2.91926869406453	-3.37070169831952	2.89479438701234	-0.840509330310711	1.75365395639521	1.84561665342442	-4.26299059322423	1.2176516700705	-0.248016406719507	-4.87493920699658	0.382667524549304	-4.35899936505258	2.27238795334563	0.443723945708133	-0.0224708621990368	-0.551100056111902	-3.5553940280216	-0.000607855373286448	-0.067466727555038	-0.795262326241085	-1.31316441493566	1.06214660613186	1.70082895629692	3.67554412374295	3.73295959014569	0.0957617252598943	0.510290904006939
"M301587"	0.781339562946139	-0.550834532686604	1.09388584147809	0.965385704105052	0.628788761247831	1.81582731600149	1.73253874136476	-0.24371600415061	0.524801768182448	0.269466894404255	2.99178269216226	2.87979435374302	0.873777106739483	3.1772544011666	0.293732738594575	0.89819077030702	0.427773300510117	0.0967262269482712	0.731156485166698	-0.705419834786326	0.628070285981898	0.123879259513401	1.15881386036626	-0.948843917603258	-4.14128229077068	-0.713802826178653	1.16322607204113	-3.40193283099877	2.51075400059368	0.851417222482239	-0.171007807050511	0.292397259617788	0.952532402477017	-4.88513775270227	0.462018944491064	0.153654983375427	2.91011333447236	1.8200981382177	1.05056547336806	-3.93662050797834	-4.70388561659162	2.48638767012152	-2.73424582143149	0.891983026457824	-0.112241823695431	2.25987856252607	0.0209199548380772	-4.8280058932675	1.06942054150183	1.75078625445807	1.166461464227	-3.13475636470571	-5.94863218497933	1.45654477164431	0.555062582708519	-2.62285657994038	1.38305273780812	-0.14764820881246	1.4527764225358	-4.96676395394671	-0.158480675775343	3.04819833266402	-3.23025766765817	2.99573526653658	-0.194835053880568	1.54594174132308	2.12562974483149	-4.12254656256288	1.30562417989879	0.0932169237584706	-4.73449517633523	0.464859125978949	-4.21855533439123	2.45959118024419	0.717023059501851	0.044542269205337	-0.737357680631192	-3.41494999736025	-0.1597554403413	-0.088337202108729	-0.431619773635301	-3.79868819123046	1.10153990768655	0.992137827353766	3.62370364570118	3.9371282246247	0.644904839787778	0.33469934819732
"M301588"	0.453058541564149	-0.622664512245128	0.922926545019314	0.887324890407444	0.501741614759875	1.77709388646374	1.32887715317536	-0.580640528193095	0.723864386763266	0.370035657971141	3.13680990261681	2.74463179008917	0.86510682750997	3.20426305396604	0.424864660355625	0.810447648779256	0.978520521762896	-0.0144327677232932	0.820678352853573	-0.97838971053809	-1.55297523013918	0.0765636211918279	1.12911624694524	-0.657623682556574	-4.27033928340069	-3.24065590462912	1.22242177249727	-3.53098982362879	2.15916713863217	0.886654117527296	0.234410505255952	0.371537697335275	0.613415324112035	-5.01419474533228	0.04775488181245	0.542709850233515	2.94593878138999	1.72249348062419	0.627874769848292	-1.01893384700007	-4.83294260922164	2.506701854291	-2.86330281406151	0.87433570882364	-1.22324899584441	2.31812900405826	0.0195307783851275	-4.95706288589752	1.1826198337567	1.39675076159785	1.218367391552	-3.26381335733573	-6.07768917760935	1.66064072528482	0.803396545990934	-0.146394526134111	1.42180604630736	-0.380071221201272	1.40007756619967	-0.638202821324957	-0.146734067262379	2.96456625703406	-0.490077240397615	2.95592409742142	-0.388609249079871	1.54934097795275	2.27070934497701	-4.2516035551929	1.29663809808356	-0.044293522035912	-4.86355216896525	0.32261395341395	-4.34761232702125	2.39745219487525	0.643218673814014	-0.101416803169275	-0.490874600191	-3.54400698999027	-0.524859125454435	0.503880185295323	-3.10585791191772	-3.92774518386048	1.38040027966393	-0.247259079397064	3.66037130567681	4.18486087094609	0.315359458047682	0.56107473303987
"M301589"	0.184124258232957	-0.977808246347629	1.45396926907994	0.730467209909473	0.241491479617232	1.50831303406974	1.04412382640003	-0.856779292126292	0.110657146826055	-0.258492651812059	2.66085024819752	2.44966870721658	0.303424821223038	2.74837226392313	-0.341669091095558	0.321416967178672	0.547912989683947	-0.366862964769591	0.287113313938614	-1.3479523195763	-0.233142499379683	-0.319202442383457	0.499892802040256	-0.979664488524278	-1.93590124578933	-1.21456883655574	0.757043050715192	-3.85436139271132	2.14102539322114	0.363756609424033	-0.299375562680717	0.144573875634993	0.469043495272769	-1.338494237364	-0.396103251782821	0.153912639253054	2.60244338129312	1.47694052400502	0.425629635352015	-1.78603848792751	-1.9271728733593	2.17720757231026	-3.18667438314404	0.388224167945044	0.817828936125277	1.88862869040851	-0.64292965574835	-1.92125710685594	0.883905786932582	2.86181256879124	0.618213522307226	-1.28924645067865	-6.40106074669187	0.898772743347263	0.369159844744221	-0.46897566517242	1.06700776044904	-0.472309161507558	1.04022448725742	-5.41919251565925	-0.400420156887932	2.65436498129031	-1.21366315608	2.65881653580878	-0.802800960484458	1.24087632050404	1.60513280598041	-4.57497512427543	1.03003465405925	-0.644005503499686	-2.02458978770712	0.220068971695981	-4.67098389610378	2.14460874862918	0.182026759750411	-0.170379545443454	-0.564697929532407	-1.33657801487727	-0.844088343115033	-0.0173515626234293	-1.0989294963786	-1.31417373339123	0.932240999067862	1.87428280990135	3.26516846212436	3.43604071575051	-0.125749314178901	0.157806307333317
"M301591"	0.583229405979339	-2.51456673285113	1.44565011013821	1.04378669020502	0.915153030432088	2.06035366800169	2.43681179282875	0.0216938548894579	0.687207313334373	0.146464426654027	3.37150821339531	3.14420178609301	1.29167266544196	3.45713380603406	-1.61982423039999	1.19304326415625	0.992653544224468	-2.00876750807666	0.665733989134665	-2.83363573862372	1.58010393972761	-1.65580371988986	0.853418372719259	-2.8818874102644	-3.88490902509245	-2.85522564632088	1.1847685861488	-3.14555956532055	2.68994300317163	0.803403580663127	0.408648355312967	0.3544180967921	1.12064708729816	-4.62876448702404	0.0192410944084278	0.442125523798326	2.95241233002613	2.15539207120568	0.928223350284255	-3.68024724230011	-4.4475123509134	2.64110347749828	-2.47787255575327	0.975789281256056	-0.837818737536167	2.41462457752634	0.329743993519114	-4.57163262758928	1.04672666870057	2.20834605881379	1.15350632717612	-2.87838309902749	-5.69225891930111	1.66654993528685	0.807865982523067	-2.36648331426216	1.44505045608031	-1.88521503863623	1.6712290187252	-4.71039068826849	0.335577749890749	3.44255863059016	0.329945733405186	3.12718268359226	0.102161417071653	1.35118191249521	2.21384153826777	-3.86617329688466	1.69288779266916	0.322483851602048	-4.47812191065701	0.712075901264487	-3.96218206871301	2.66468245851303	1.06927128764848	-1.76899150208329	-2.15058269298549	-3.15857673168203	0.460862731197906	0.669380922464044	-2.72042765360948	-3.54231492555224	1.61385428863032	1.8568664237273	4.29894932608751	4.56987354190577	0.501130663839682	0.579781835151025
"M301593"	0.256632960003419	-0.612914377401903	1.2724518879127	0.741326381289708	0.430821353919836	1.65256260094983	1.22045796805183	-0.664458840360084	0.399265394699687	0.221616626797922	2.9358216968308	2.63469303896969	0.658002472572758	2.95123003927852	-0.219826088274354	0.694452568496347	0.655139213716627	-0.230678080253942	0.278176572742839	-1.32725432783955	-0.518795168098816	-0.257837293375087	0.65519962673949	-1.06850479815527	-1.40505883085917	-1.25277933369051	0.799787565686663	-3.57712740295486	2.28191558954942	0.618883138940819	-0.150515464589579	0.292486307884377	0.531433887855298	-5.06033232465836	0.207363751720692	-0.0728290161915721	2.75794874042277	1.62127404338743	0.722046433720002	-1.34714875690032	-4.87908018854771	2.26004979985629	-2.90944039338759	0.69922160330893	-1.26938657517048	2.04695666928757	-0.464776340710386	-5.00320046522359	1.03359093692928	2.45900043085559	0.984786745055214	-0.891291634078094	-6.12382675693542	1.25012901769118	0.433587499988928	-0.48377921833256	1.15634641558463	-0.1572902235334	0.987298408443562	-5.1419585259028	-0.104452677210539	2.72602457768279	-0.844919611273662	2.83806147135932	-0.503182170298145	1.37378030205113	2.02649451709343	-4.29774113451898	1.0979096739667	-0.16790347259829	-1.70427442474946	0.581064511109107	-4.39374990634732	2.26868043141742	0.523522835139095	-0.218508122125143	-0.482965307532727	-3.59014456931635	-0.704797759469514	0.0117575362282292	-0.988637959020253	-1.10649330306081	1.13315595467822	0.794144302895842	3.31405326037505	3.91451856440936	0.452214493324523	0.340521022075775
"M301594"	0.665211436731554	-0.772354392101376	0.824862928015093	0.942758116395534	0.483166601196774	1.87353711024046	0.687679128283998	-0.792441368692988	0.483550977922155	0.21672607206101	2.95679877268189	2.91469836415866	-0.764580719212389	3.13015962031083	0.00235849295015544	0.906345178279402	0.592128800889324	-0.388017365010994	0.744920469012313	-1.10716301757564	0.119573450131454	0.183562049547039	0.619203890761838	-1.22290049791588	-1.22978422982135	-1.12188219486301	1.24826147672718	-3.80584091964451	2.20671826714298	0.747587949866543	0.166602567840938	0.422875460831654	0.677339896622374	-5.289045841348	0.611291609275231	0.435812401740828	2.92153403879692	1.63478118321355	0.908747325207131	-1.53284170331186	-5.10779370523735	2.58591342733202	-3.13815391007723	0.82807291254157	-1.49810009186012	2.34896001403074	-0.523351066860762	-5.23191398191323	0.789860062445371	1.62225559220912	1.10597245164249	-0.978897553129593	-6.35254027362506	1.24005751710389	0.514581296377707	-0.0881446482592567	1.58535647022975	-0.128417019622735	1.2743296788029	-1.02187892825494	-0.152908012400884	2.87926024650094	-0.804449521304875	2.58326279841138	-0.560901948944874	1.22263422737925	1.84485225301258	-4.52645465120862	1.22261479243572	-0.295595332828518	-5.13840326498097	0.351724680096921	-4.62246342303697	2.52449391937213	0.945471121922816	-0.0123379778071984	-0.218263691024775	-0.790309272464678	-3.28326890690034	0.0132993375790988	-0.739530499700328	-1.43466250898925	1.01503628219551	-1.35317847654019	2.52615894487983	3.3341355558317	0.80063846175779	0.541035235544704
"M301595"	0.428771485399236	-0.653509379126455	0.8199927685446	1.06909405704619	0.707559645262648	1.86313904067911	1.33476057846813	-0.656915439652243	0.442993937679927	0.101214755031873	3.02234812363744	2.55189792456719	0.864972943349026	3.0559894727278	-0.102680120117316	0.698870130868372	0.705771045707299	0.145544375360851	0.520243769905533	-0.592318748007487	-0.27340666843729	0.240060020119681	0.844878924458035	-0.797622520854513	-4.29910967818144	-1.27516180759166	1.08297054117505	-3.55976021840954	2.30323602978925	0.715021124849366	0.186116363440449	0.436163622941247	0.594548772343416	-5.04296514011303	0.753715299469779	0.627038607537659	3.15765546489768	1.65210188040577	0.833440871791911	-1.10106242214776	-4.86171300400239	2.51481028124866	-2.89207320884226	0.788394841541638	0.965544110486166	2.2551229249145	-0.22740460933611	-4.98583328067827	1.26039533221583	1.30748336744776	0.93389688328968	-0.791652650415737	-6.1064595723901	1.29908520508161	0.633406216836427	-0.0333308380252957	1.48054654116431	0.164598984763942	1.35833244212503	-5.12459134135747	0.0694817808280517	3.01218659754871	-3.38808505506894	2.96692622350691	-0.286597659024626	1.74535719309042	2.04140450046027	-4.28037394997365	1.12880782783531	-0.221942556679029	-4.892322563746	0.471627535000406	-4.376382721802	2.46489189883358	0.923556845581111	-0.0230872309500914	-0.229873729805407	-3.57277738477102	-0.544341217644725	-0.119275666184377	-0.907313138734493	-3.95651557864123	1.21310568334421	-0.779299039396749	3.57937389500478	4.00552124851377	0.175016609964077	0.436771592027045
"M301597"	0.494389577872412	-2.32842863483106	1.46395639095103	0.86436284538356	1.44410319195616	2.36929357193045	1.2837445089056	0.0860914153610315	0.41704325719992	0.358299086334276	2.86446204510434	2.87282176348013	1.3969166883491	3.09282373097197	0.4797200588572	2.25269069560447	1.13412600914131	-1.82262941005659	1.19837269651793	-2.64749764060365	-0.98140687381087	0.469711742858426	0.917848123476817	-2.69574931224433	-3.69877092707238	0.9092200563002	1.13063791596345	-2.95942146730048	2.52584592272482	0.99757172929877	0.301867744652817	0.73517792134554	1.10588531496684	-4.44262638900397	0.311258806999978	-1.08361197782773	2.59952089257851	1.6626432794722	0.969425095488306	-3.49410914428004	-4.26137425289333	2.61343818346385	-2.2917344577332	0.82188223825968	-0.651680639516097	3.15331135333251	-1.88434473964157	-4.38549452956921	1.26097227477307	1.84018209685877	1.58018865696302	-2.69224500100742	-5.50612082128104	1.79982785823214	1.22974772930576	-2.18034521624209	1.81541785347249	-1.69907694061616	1.51291458719572	-4.52425259024842	0.572026735268948	4.53858057405759	-2.78774630395988	5.10025776068354	-2.06071175988134	1.44433373163584	2.33040007279697	-3.68003519886459	2.65580532762147	0.196917217207674	-4.29198381263694	0.852811910307389	-3.77604397069294	3.01129320438028	0.841828358150645	-1.58285340406322	-1.96444459496542	-2.97243863366196	-2.43684945455631	-1.34335661587348	-2.53428955558941	-3.35617682753217	2.27403564433007	1.27597766913222	2.57110315108844	3.81376372532081	0.5595702476141	0.641430856556735
"M301598"	0.228206611003243	-0.715663029136453	1.30319374297875	1.00476161257939	0.551348645757225	1.88719225976501	1.59377535295582	-0.543101274734814	0.386744714932044	0.0782370964696222	3.09905581109004	2.76932994903914	0.76179622192947	3.06503422604382	0.110199654165821	0.785456355390696	0.811661610380728	0.190248486483491	0.63233602668214	-0.676160933850256	0.623428543700184	0.22120183905139	0.562096411435241	-0.718480498361815	-4.23817735292163	-0.588913321491515	1.23317350643061	-3.49882789314973	2.75469027924757	0.724027653246878	-0.0185523625648765	0.531850046292091	0.831228427932722	-4.98203281485322	0.413222596732788	0.63166825786293	2.97123426879242	1.70181163775931	0.903379848378946	-4.03351557012929	-4.80078067874257	2.49849521051397	0.49509021557293	0.841284646365813	-1.19108706536534	2.38650547222021	-0.134702324394604	-4.92490095541845	1.47884742657873	1.62272871571326	1.09560168471258	-3.23165142685667	-6.04552724713028	1.32184248815277	1.10880271987573	-2.71975164209134	1.48846607591455	0.076680045568593	1.42256811131155	-5.06365901609766	0.0144597710978847	2.95772269508069	-3.32715272980912	2.95694631656275	-0.306701004915342	1.80667570247331	1.99754866407262	-4.21944162471384	1.35168911259849	-0.116405232326193	-4.83139023848619	0.468299728207989	-4.31545039654218	2.51754211240328	0.549297589362089	0.131680978258532	-0.583157299567468	-3.51184505951121	0.136302824845781	-0.431403698432115	-3.07369598143865	-3.89558325338142	1.22877828602688	2.88071063868865	3.61095943374266	3.82731481583427	0.699782135751195	0.403496614396929
"M301599"	0.706030745172924	-2.29769062700287	1.35362021898321	1.3535621217017	0.554409321494501	2.17063518687841	1.6130494754517	0.0722955809916943	0.605437073909947	-1.32632825942739	3.17554736604079	2.70093932694797	1.24579198471392	3.47852752253076	-1.40294812455174	0.887537406296367	1.07946920292395	0.635936483663306	0.698317994936058	-2.61675963277547	-0.950668865982687	0.444068009576972	1.28890728160138	-2.66501130441615	-3.6680329192442	-2.63834954047263	1.32004039879582	-2.9286834594723	2.62450299558877	0.989915273580524	-1.45205938359641	0.7227672784204	0.979306874048067	-4.41188838117579	0.411535201448591	0.686436936987646	3.21734153760246	2.09896168017355	1.43696060567707	-3.46337113645186	-4.23063624506514	2.77209095471188	-2.26099644990502	1.36202031242615	-0.620942631687914	2.4682955093416	-1.85360673181339	-4.35475652174102	1.933579116633	2.03077368414255	1.39589972707157	-2.66150699317924	-5.47538281345285	1.33481934802019	0.843582031372929	-2.14960720841391	1.8093752578983	0.251898967099121	1.72224205449954	-4.49351458242023	0.0878266014441627	3.21837826166572	-2.7570082961317	3.62762402031148	-2.02997375205316	1.95840287545732	2.35779783593121	-3.64929719103641	1.66350000670759	0.301367877563055	-4.26124580480876	0.72072730858532	-3.74530596286476	2.80136057538649	1.35719851548062	0.36302207204381	-1.93370658713724	-2.94170062583378	-2.40611144672813	-1.3126186080453	-2.50355154776123	-3.32543881970399	1.39315469830512	2.75124578574867	3.71144497650409	4.17734107263605	1.03117867992583	0.79070124130084
"M301602"	0.238498093285133	-0.382945042218891	1.16371850608857	0.937065652856697	0.772008313551607	1.81781432194247	1.2268365696072	-0.590049875541691	0.733650899913163	0.0997062311671462	3.03359286021745	2.84260749711706	0.838216423222605	3.11225742214962	0.034486787764898	0.726292448545935	0.698688883437301	0.726873508790223	0.602054904965918	-0.817725810669767	0.828105096333781	0.121274835859137	0.590329411272531	-0.669577270552463	-4.35856841917218	-3.32888504040061	1.03013026906732	-3.61921895940028	2.42797939936091	0.903214642888993	-0.221757281313179	0.383342196229846	0.730809676756921	-5.10242388110377	0.0788354605776771	0.571436231439904	2.95301723986658	1.60228459210118	0.732372029266153	-4.15390663637984	-1.24038249213535	2.47701329225743	-2.951531949833	0.625470469291708	-1.3114781316159	2.30814598306496	-0.374601686246652	-5.04529202166901	1.34179354759151	1.85861164737708	1.04158197778455	-1.21998584308628	-6.16591831338084	1.52532565245062	0.680571803602737	-0.249684273551245	1.41893503827398	0.222844552806269	1.30850147102427	-5.18405008234821	-0.0459810243481851	3.03354513099382	-3.44754379605968	2.98536773494914	-0.562918282546896	1.63281727839869	2.02354962842302	-4.33983269096439	1.2953998024663	-0.243386401776622	-4.95178130473674	0.463191054896497	-4.43584146279274	2.45455866436335	0.712730848425624	0.0838317275547444	-0.310743951366776	-0.811885673758946	-0.53661790459341	0.34117667084216	-3.19408704768921	-4.01597431963197	1.22695570938465	2.08908792232657	3.54988363361003	3.80416305690318	0.413269890756887	0.408752275421035
"M301603"	0.414536894923386	-0.529653810664604	0.856458139123839	0.869072800946806	0.487297493387323	1.63604591645756	1.23483588817914	-0.504772693695807	0.24988325599314	0.055916515136869	2.90650697570912	2.68052013973118	0.476915415995149	3.08107494779867	-0.221411842118054	0.628428146331924	0.778679599464323	-0.0778227917905818	0.477587930756724	-1.16460441135493	0.336095145115448	-0.145840967346521	0.706281014660266	-0.772715318912506	-4.35876033666744	-0.936197499633653	0.912481736098402	-3.61941087689553	2.18003105744726	0.57976376399936	0.110613632859041	0.547511855500353	0.562136650303529	-1.16224984704866	0.00858385431663322	0.25390114902951	2.80177141556794	1.60982079224266	0.546072111920916	-1.29436286697733	-4.92136366248838	2.40695367308032	-0.481027161769344	0.660662865058469	0.172341654254051	2.14031565716693	-0.496653601286386	-5.04548393916426	1.47372003342897	1.31755243008175	0.959173251432513	-0.638285662157055	-6.16611023087609	1.41301015610741	0.624972092874494	-2.84033462583714	1.188375452648	-0.555319134933071	1.19459313076401	-5.18424199984347	-0.373320015289724	2.96145642081979	-0.869479932274849	3.0132791528568	-0.28825022372952	1.89494251859641	1.9111018491059	-4.34002460845965	1.24246895991325	-0.407796304013062	-4.95197322223199	0.374714964482361	-4.43603338028799	2.27186502485652	0.621005729124005	-0.103182423653053	-0.461977136489941	-3.63242804325702	-1.15403018136215	0.634707333200478	-0.967577637916844	-1.77164137549735	1.20535754844599	-0.727597194107643	3.46871053805562	3.82910961402057	0.159805226093428	0.472915444567078
"M301604"	0.418846124088657	-0.371950749113063	0.902022160716476	1.05199897529744	0.603819554071035	1.88324917376497	1.26055617991326	-0.628545726312894	0.473187399366745	-0.0841612711496333	3.00028800375687	2.65067452356647	0.711546141191907	3.07375172867324	-0.164433186892836	0.912133573084414	0.862184116232569	-0.182627206936827	0.653785145167517	-3.26986949142878	1.33257104315514	0.122205616933527	0.765270846633965	-0.636798857326232	-4.32114277789751	-1.12285342872885	1.15630615384951	-3.5817933181256	2.34583698698205	0.625931967779041	0.273331851886085	0.390902208633054	0.758273741271767	-5.0649982398291	-0.0891663592182743	0.111053007032587	2.9258787801833	1.7178354244373	0.744477976859376	-4.11648099510517	-4.88374610371845	2.53873555323984	0.0709524046672136	0.795527748507877	-1.27405249034122	2.31389499021082	-0.218145813277509	-5.00786638039433	1.14611239617128	1.426445255508	1.13107501711605	-0.831705880713081	-6.12849267210616	1.59480493597744	0.803443994558584	-2.80271706706721	1.63529224789206	-0.518429475015146	1.37668778756706	-5.14662444107354	-0.093801479848354	3.04391706668001	-0.625338615134248	2.98864620319121	-0.387681170448376	1.7603563493163	2.04889234121017	-4.30240704968972	1.20991335146662	-0.860018317276109	-4.91435566346207	0.201216732119461	-4.39841582151806	2.51004111929652	0.686101034941076	0.0224372223217744	-0.380406436927132	-0.699721978633826	-0.561780084638745	0.498257648890006	-0.858447025517643	-3.9785486783573	1.25592251161351	1.31368650062812	3.52800521303987	3.96902508446255	0.331701515032313	0.578513623068951
"M301606"	0.241617982864731	-0.710566481008559	0.541045612954146	0.780842707825138	0.410214258306571	1.70326973445118	1.44689467146309	-0.471478814417178	0.388138336110974	0.00300420124527268	2.87436792730188	2.60416317030129	0.561400015490613	2.95499960381988	-0.0532043681228904	0.600911223873526	0.436246460767035	-0.310293992780204	0.50328208850463	-1.4002732059546	-0.468068373734635	-0.0349492645662188	0.400046335165452	-0.843874893181232	-4.40497249081109	-1.24480839376059	0.93676765670314	-3.66562303103918	2.27429942411223	0.471868357273849	0.023549438324058	0.351208070598913	0.52561646801948	-5.14882795274268	0.318699942490291	-0.157292766804159	2.78598493244256	1.49613079838545	0.869768007892278	-1.57641369062861	-4.96757581663203	2.37543045943078	-0.239718564021594	0.472915312547928	-1.3578822032548	2.10572892501867	-0.252183843027848	-1.5553288044615	1.20213125017267	1.43180053972254	0.896858839167946	-1.06160886903805	-6.21232238501974	1.19703760852137	0.571767773324884	-0.511115748712115	1.18972956982731	-0.292260650346788	1.04776299230777	-5.23045415398712	-0.112155138442168	2.81443860242225	-0.937443817126596	2.8879312648634	-0.635599212560962	1.57320665507691	1.79930230635396	-4.38623676260329	1.04674262318271	-0.414931830622165	-4.99818537637564	0.340338270895021	-4.48224553443164	2.35011141418736	0.550357342309409	-0.250144413625713	-0.508044002846649	-1.09618884589731	-0.825545490020437	0.367236769065465	-0.673497104249109	-1.55725477104997	1.0512305455861	1.58114423215442	3.49077019005822	3.45792859045474	0.471212038000864	0.271119516564739
"M301608"	0.257013323810791	-0.642266443091276	0.48143815074	0.601490211537734	0.458202918800223	1.58115509205981	0.95245285427536	-0.686916806806634	0.319309128325055	0.00809191000155973	2.76505390811455	2.51725831876592	0.226405291252821	2.90337737902118	-0.22799011401167	0.738075720447473	0.322785855115336	-0.238189900440572	0.449173214126132	-0.905053097014815	0.0465405825915068	-0.159702531054561	0.563651474419586	-1.10444221456456	-4.74543615849417	-1.50055644375913	0.899096050508008	-4.00608669872227	2.2050879282714	0.548788746077651	-0.0939592722072229	0.393522410184586	0.401228193586111	-1.32903292733096	-0.0621957073929673	-0.0833893920338609	2.59880556709859	1.48362436676166	0.561948231554315	-1.56973206575527	-1.92430828913819	2.29678646017593	-0.829477618117774	0.808256196444992	-1.69834587093789	2.00140700585337	-0.445096735879837	-1.767221131224	1.35855886756254	1.22834683523944	0.81592771061561	-1.30462991378168	-6.55278605270283	1.21407946165314	0.398207445659224	-0.621137880735764	1.14817192991907	-0.554113478877124	0.980883825781351	-5.57091782167021	-0.284548802447453	2.61192365843426	-0.727274405113937	2.85356197758932	-0.66575751611486	1.77952807779695	1.79321031566396	-4.72670043028638	1.04577068627568	-0.383576615965895	-1.84342294364274	0.197865114816542	-4.82270920211473	2.22116297455334	0.447708055560119	-0.346320998186143	-0.691985144226263	-1.23625971853007	-1.25397018274059	0.0378159212438396	-0.937342696184571	-1.30046207539982	0.931137096927534	0.097937768699146	3.20827123308028	3.61698209948833	0.360305445467332	0.105932304749991
"M301609"	0.259939681814763	-0.946740681354123	0.46015353094569	0.476972783520016	0.270204365928658	1.42874969459798	1.03675033250203	-0.879546718573568	0.0938904616095009	-0.124951901726405	2.5950373769793	2.36784190731839	0.234325813892723	2.72967617990931	-0.339820692471972	0.429247486139626	0.240400188285131	-0.315024974943118	0.327492869438508	-1.11507886568385	0.816791900656251	-0.281866581536293	0.440451857079204	-1.1938745594428	-1.7468928968846	-1.0767123423929	0.801621021948278	-3.99012236457435	2.19930934399142	0.411904063212218	-0.21053595295083	0.232453813442719	0.269238745173896	-1.5296946192705	-0.211086811325343	-0.00126084380147162	2.48349603942601	1.30877191121184	0.498545261870422	-1.56597204885008	-2.15810340275958	2.16741371778457	-0.754534035947448	0.508960129251918	1.0433472262361	1.90679600862475	-0.701305297180956	-5.41619542684307	1.15284609674101	1.06733158790191	0.690665753847474	-1.41779227069722	-6.5368217185549	1.10458213303855	0.383529438035708	-0.645245562098295	1.02247738156335	-0.632849948368951	0.90279129185064	-5.55495348752228	-0.243553134835399	2.57781415444723	-0.803778326077554	2.77145575381545	-0.688294295373905	1.54911377749907	1.75759476508328	-4.71073609613846	0.970247610280891	-0.434350847446754	-1.88690816401117	0.152498257346168	-0.839165013384427	2.06885439175608	0.434476701860761	-0.292822555083091	-0.672367415139009	-1.30264846913134	-1.20647187535305	-0.327127243396945	-1.03762698590364	-1.32489635922636	0.876075733591013	0.699199109337998	3.08107272113733	3.63419457476537	0.113921562453289	0.067204277112225
"M301618"	0.0491112827871429	-1.19296200989639	0.942314802011017	0.650138934640088	0.547385823689426	1.5134258636799	1.10017056780657	-1.0671754856879	-0.0985715568082233	-0.118945442955336	2.65328739762956	2.37997519502591	0.552772269680324	2.8479682473173	-0.294826697705477	0.526722744039901	0.268864962084065	-0.14511978908646	0.148204640403298	-1.25892081574742	1.42652743181913	-0.302466737511155	0.603816242163679	-0.819141569921173	-4.6441054327644	-0.970565960630568	0.759950758274908	-3.90475597299249	1.97771009422884	0.31728096545202	-0.311653490475484	0.290478148913008	0.576656739515842	-1.19865933308526	-0.118701173298111	0.0599869270047302	2.70537681806903	1.41880393864287	0.516377075056543	-1.61641171506249	-5.20670875858534	2.24110948454266	0.0879042009766424	0.600989976580697	-1.59701514520811	2.08786167288498	-0.551586298440462	-1.62054351302018	1.04063570098651	1.53807809455186	0.784822206649038	-1.25828663501042	-1.8805312481365	1.13841732865504	0.519423794818488	-0.545217210646822	1.19672319705965	-0.717890426423059	1.10477355636743	-5.46958709594043	-0.145712715308612	2.71448095037511	-1.13149865634248	2.76636244797084	-0.908610575402659	1.33797081136716	1.63401499487504	-4.6253697045566	0.96112464270778	-0.76924405703653	-5.23731831832895	-0.102381940190409	-0.767655580044889	2.15794534095147	0.457034030561268	-0.413470388414625	-0.292741425856595	-3.91777313935398	-0.861355379558465	-0.00432225153341381	-1.26372509249208	-1.50461749067483	1.02932338614156	1.17309207752551	3.42734275510284	3.60465272350543	0.131149468153992	0.287605516888704
"M301620"	0.412128170870099	-1.00164300681774	0.609650935238192	0.999564863905845	0.664590127740661	1.68954730303591	1.26177603439965	-0.710771623119929	0.753624181144755	-0.0184075733109141	2.87563123593839	2.5967058722894	0.723752829756786	2.90038626814204	-0.153227960944239	0.538459080873409	0.461087202860613	-0.180467469063094	0.491661995497933	-0.809967187601317	-0.457882074995182	0.0726320335065527	0.478803481058189	-1.13584342034571	-1.49884135832778	-1.3760586593303	0.984014155755537	-3.63211572040019	2.19737578344476	0.566472277449057	-0.168275380793573	0.430028992215431	0.282751528209074	-5.11532064210369	-0.152334412194932	0.884982932317946	3.07282736086357	1.57235339147557	0.289719044342837	-1.44289593616917	-4.93406850599304	2.37865866375075	-0.210350426712678	0.597085017669461	-1.32437489261581	2.13275369080419	-0.524411441614804	-5.05818878266892	1.75285506295884	1.14916391284374	0.998925865349887	-1.20609498337376	-6.17881507438075	1.15662335848162	0.40427612667961	-0.397487498496502	1.45341528583618	-0.296847158039327	1.13467126316885	-5.19694684334813	-0.049971993442461	2.842078947656	-0.94950444274708	3.26399783546398	-0.546488509777308	2.13767732183883	1.78047291327352	-4.3527294519643	1.24924933520602	-0.208044016131097	-4.96467806573665	0.372470312146095	-4.44873822379265	2.31345730246682	0.586793314309606	-0.0997874017960383	-0.517545575949049	-3.64513288676168	-0.787497202724393	-0.0964424528471621	-0.154938322529531	-1.38071099537461	1.1902934050256	1.01686078361822	3.42455088484283	3.64717803844686	0.164388800958341	0.425423049207418
"M301621"	0.695713881053987	-0.439060903184457	0.791114638583839	0.902938601445477	0.624513218067579	1.80431848727703	1.08783401376258	-0.67633161772359	0.500262144566864	0.136998064267001	2.87153417369947	2.55237680561192	0.422634815201974	3.00862005654116	-0.0504747012664355	0.959117838355662	0.749653991748242	-0.235596738872554	0.67265245085357	-1.24638083859248	1.40990970938813	0.0421981407884804	0.640494731834087	-1.09237481704571	-1.27248040047393	-1.14455737680968	1.14950285227029	-3.59456320958174	2.3339620048116	0.688153274097903	-0.127595944589307	0.640330689103419	0.665628322231233	-5.07776813128523	0.194544184195958	0.201430666070855	2.76632841988785	1.64417643929923	0.758213650345329	-4.1292508865613	-4.89651599517458	2.52506376303299	-0.484200234621516	0.749023236322168	-1.28682238179735	2.17180254488564	-0.441175978669687	-5.02063627185046	1.63379530490009	1.36940230854152	0.985699307195478	-1.07711271906704	-6.14126256356229	1.30714094868227	0.706235693330863	-0.232726084921886	1.45970034979068	-0.345778309088343	1.18051304938794	-5.15939433252967	-0.0865609715223821	2.95032692476221	-3.42288804624113	3.10450526891854	-0.300326360796573	1.89818055435989	1.85233275304923	-4.31517694114585	1.26417078371828	-0.248405834234419	-4.9271255549182	0.580747148363054	-4.4111857129742	2.4263443672231	0.611551722749815	-0.0462709302109152	-0.368937620629902	-0.875990736992334	-0.162298433583809	0.148475153893719	-0.698337801382053	-3.99131856981343	1.04669956749097	-0.763608355339602	3.35114529850012	3.75242202396064	0.333834966413658	0.466223002220489
"M301622"	0.89499030331559	-0.291990276060937	0.747060474981626	1.22715083156639	0.650300811260164	2.06476291543107	1.70611574338192	-0.407188316403311	0.695295848967524	0.387552424717544	2.92996968066213	2.90985966112027	0.83774761449835	3.23254913090518	0.0561417969533	1.38596841273899	0.632157424928137	0.103753952252799	0.812178956529682	-3.16215090966841	0.00541524699203855	0.204920257545544	1.03704349906116	-3.21040258130909	-4.21342419613714	-3.18374081736557	1.34900206226254	-3.47407473636524	2.49407028917396	0.756813695071459	0.142831793851772	0.703242107944076	0.754479235714698	-4.95727965806873	0.513976273093417	0.734472772590004	2.96218421623241	1.80297322772454	1.25438930978429	-4.0087624133448	-4.77602752195809	2.74508785599947	0.0267193974620996	0.89593070153757	-1.16633390858085	2.71778832679008	-0.115734015556478	-4.90014779863397	1.24627935702189	2.07421071775777	1.11602338035674	-3.20689827007218	-6.0207740903458	1.48759357211379	0.664041623039435	-0.0318774166069353	1.36274305101521	0.0528013914586296	1.45960898996744	-5.03890585931317	-0.15318688069781	3.2405244149719	-3.30239957302464	3.15926318384003	-0.311111792790893	1.64879385262374	2.2921577985244	-4.19468846792935	1.44555271719192	-0.290336843187893	-4.8066370817017	0.732978388925353	-4.2906972397577	2.6834115348196	1.11860316866063	0.319097061163401	-0.373103646079588	-3.48709190272672	0.120602228387764	-0.0835447608601685	-3.04894282465417	-3.87083009659693	1.37234698956463	0.908651782645083	3.47908157846844	4.22227765231578	1.07510575483974	0.721637453083096
"M301624"	-0.121739977196745	-1.53784520867362	1.54867932167888	0.233733936740638	-0.0853638026087244	2.27325150008301	0.620930457175551	-1.36202833868547	-0.144675340318886	-0.566482841098143	3.73736042595738	3.58216561682172	-0.947675837591166	4.06202825012573	-0.643102706222491	0.200905525787676	0.00163915914638846	-1.03204598389916	-0.0364915010792748	-1.85691421444622	-0.190823447653436	-0.679082195712361	2.03628801250652	-1.9051658860869	-2.90818750091495	-1.87850412214338	1.56006162794309	-2.16883804114305	3.35754809014038	0.0767178242540547	-0.692213965267158	-0.172541775660691	0.0550438325056453	-3.65204296284654	-0.467223660896414	-0.293028551670297	3.54047437400527	2.4094582158473	0.183592412081835	-2.70352571812261	-3.4707908267359	2.88882803497992	-1.50115103157577	0.197408165359231	0.138902786641337	2.47757025664898	-1.09376131348414	-3.59491110341177	1.75892740608656	2.32610902718048	0.411222543726615	-1.90166157484999	-4.7155373951236	2.04318857596134	0.0117849505029142	-1.38976179008466	1.72171004065742	-0.90849351445873	0.650526328916748	-3.73366916409098	-0.669194244118885	3.24854479049073	-1.99716287780244	3.43957170209791	-1.27012833372391	2.55287527855885	2.51529680381783	-2.88945177270716	1.7716856877153	-0.978049521847376	-3.50140038647951	-0.183356090867291	-2.98546054453551	2.93423591485535	0.0655360702531418	-0.79226997790579	-1.17386116880799	-2.18185520750453	-1.64626602839888	-1.0857711931019	-1.74370612943198	-2.56559340137474	1.66195504951053	3.16123863281627	4.2448775023774	4.56546044762746	-0.11549014109387	-0.13303626612845
"M301625"	0.284574699092692	-0.575236532937586	0.889727438464898	0.65043780168122	0.423043185287482	1.50136169896879	1.25849761662583	-0.781517034341906	0.283660089974924	0.0267547872813738	2.68354551279867	2.43914093134379	0.507040375382608	2.86657826532039	-0.0810514018869108	0.367539010894637	0.364993300534128	-0.290810742862257	0.21818576116445	-1.20982327263495	0.590716427969663	-0.33803886440043	0.581937558111335	-1.24586122275564	-4.53953989253941	-1.15744762858886	0.820268221661292	-3.8001904327675	2.26068470934061	0.517544805497786	-0.375984181624268	0.209879263541467	0.540077214124458	-5.283395354471	-0.423788397242848	0.120680607956654	2.70982245958047	1.46220034352078	0.476884488413279	-1.52318247791228	-1.84005378761943	2.13670124166546	-0.638766421946656	0.475530313311831	0.451387475708777	1.99065357540138	-0.606419939205135	-1.77468015563508	1.02618059051926	1.11680172979226	0.732304390345722	-1.11942104762982	-1.65394244353814	0.99384267088115	0.310215415289522	-0.584742295797394	1.24048544001902	0.131870458473674	1.07553470893403	-5.36502155571544	-0.459281807561244	2.71918738749899	-0.792288663013402	2.65572836733301	-0.892429759810884	1.34003891689666	1.79499012688417	-4.52080416433162	1.07310839787757	-0.788324528267419	-5.13275277810397	0.00271709240449614	-4.61681293615997	2.12196496189974	0.346360196783485	-0.178098876064125	-0.624716264622948	-1.14106240952319	-0.818007155602108	-0.2119050413446	-0.999274335001947	-1.5244381923559	0.929889538195743	0.701671050152939	3.42999799673126	3.58857423078382	0.384512193782486	0.0830869537161227
"M301626"	-0.064069409595203	-0.833289566130116	0.405268732963766	-0.147087924681058	0.619191839934784	1.37171856235175	0.268020937552788	-1.21072610017812	-0.188734170654224	-0.37769926140933	3.40735905502986	3.36960217075767	-1.08276532093002	3.74107605841682	0.0614529363210172	0.905461168331184	0.0749377654822352	-0.327490341355649	0.122822967683748	-1.15235857190271	-0.463993365213396	0.025473446831147	0.104573473094466	-1.20061024354339	-2.20363185837144	-1.17394847959987	0.572178928495839	-1.46428239859954	1.88556429174422	0.342141345396616	-0.671787142713641	-0.0607405034740518	0.759599475049153	-2.94748732030303	-0.631692879038388	-0.080011903565623	3.13299072483338	1.10418429200458	0.185558834970175	-1.9989700755791	-2.76623518419239	2.90920017166353	-0.79659538903226	0.263423250792065	-0.408812048056715	1.15727082505249	-0.823680124005643	-2.89035546086827	0.310940846258391	0.985467230485879	0.263003049515987	-1.19710593230648	-4.0109817525801	0.683900053368105	0.716340593046422	-0.685206147541147	0.754127546844507	-1.29541207020049	0.67533152873019	-3.02911352154748	-0.667023207851433	3.18667337141951	-1.29260723525894	3.68275126217782	-1.10235300719179	2.83371583373543	1.49756007417673	-2.18489613016365	1.45726851071634	-0.911904409163781	-2.796844743936	-0.149480319479873	-2.280904901992	2.88749056219934	0.174631145894418	-0.087714335362282	-0.977276183677366	-1.47729956496102	-1.66254899508533	-1.22086067644075	-1.03915048688847	-1.86103775883123	1.26411996690376	-1.21302048113211	4.05079478752046	5.13100813293292	-0.317370715183712	0.0829718690891186
"M301627"	0.989286351308143	-0.538625994234526	0.982619674960053	1.27745492888449	0.804436290683445	2.02217299578138	1.34507005519588	0.226870910539361	0.865524614238473	-0.0454868949640215	3.15724518052119	2.90745027235654	0.858943879788939	3.22649930595736	-0.100228197322877	1.11544230020466	0.367494499226866	-0.0778744357614523	0.651705463810154	-0.461021378992512	1.41210878953421	0.150049110698935	1.09336836837785	-3.12226675877955	-4.12528837360761	-3.09560499483604	1.20343832413066	-3.3859389138357	2.31130516961074	0.841925763680636	-1.90931483795982	0.513836045211441	0.825498643994368	-4.8691438355392	0.0484507991236551	0.965666722309042	3.09571379136236	1.78213334555322	1.00967506728985	-3.92062659081527	-4.68789169942855	2.65915036666353	0.0729432933456717	0.997883525488191	-1.07819808605132	2.44085208692289	0.175694677457281	-4.81201197610443	1.30707952607797	1.54543695702789	1.34754213317338	-0.592066494930934	-5.93263826781626	1.32637660406072	0.762988559268702	-2.60686266277731	1.51983972195961	0.319721597289487	1.29091647792039	-4.95077003678364	0.0114081847564451	3.05730500207431	-3.2142637504951	3.05390724123871	-0.391750879904656	1.45827982563256	1.98701140346097	-4.10655264539982	1.53164136417169	0.0614983466518213	-4.71850125917217	0.767446627617552	-4.20256141722816	2.63920617990498	0.750917426027335	0.187791105216818	-2.39096204150064	-3.39895608019719	0.33264715958233	-0.354005437948963	0.716286272881353	-3.7826942740674	1.40673939669311	-1.5179378575078	3.57071920372098	3.92018908421314	0.738057350713471	0.38118270841571
"M301629"	0.30524609812875	-0.602810288770536	1.0370779221111	0.965726212980502	0.328361741866885	1.72076116782474	1.25728972431863	-0.475193489441527	0.615001817540951	-0.0623108746352514	2.91771839251408	2.54065194085741	0.631243116453865	3.05563029477967	-0.00122668385940461	0.771020006903495	0.816052785703264	-0.196828316119555	0.555172671761678	-1.39071706386455	1.06738360835328	0.0389631746002728	0.661693586292647	-0.871791816092073	-4.48663476524598	-1.2717424939508	1.12221233644989	-3.74728530547408	2.21505805631658	0.598949649358224	-0.313998639711405	0.382964573214879	0.596473733495617	-5.23049022717757	0.388511793340012	0.0554127011675103	3.03622045457783	1.64078180124965	0.59806439877342	-1.30383499513322	-5.04923809106692	2.43695127793899	0.257713785651145	0.81194756098433	-1.43954447768969	2.26206346630704	-0.27658221861615	-5.1733583677428	1.33366037314066	2.19755527592824	0.987555557230097	-0.741672313362348	-6.29398465945463	1.51581171985689	0.664114427806796	-2.96820905441569	1.35468319601359	0.0529566539259951	1.24653629022676	-5.31211642842201	0.160069012026033	2.96530809272984	-0.69516781567505	2.90320492311416	-0.475882633194772	1.87819738070303	1.96391162848508	-4.46789903703819	1.15519067317721	-0.299409635414591	-5.07984765081054	0.428919011048101	-4.56390780886654	2.36225503449207	0.351694017651706	-0.182962624314031	-0.39584220317292	-0.936724022997964	-0.412628104197488	0.290155295279891	-3.32215339376301	-1.36591680845629	1.14923986700199	0.930857972850445	3.50972992089796	3.62706363753769	0.252829620048458	0.438092875158574
"M301631"	0.167191271710672	-0.693570314171754	0.43788253926355	0.882783109219327	0.403090956680601	1.65596369094823	1.1296229404223	-0.634759377801593	0.501627717198645	-0.05692928801232	2.74571166613224	2.66265147663717	0.599249508782893	2.95593051452735	-0.268081696980392	0.699545216125931	0.684903353044716	-0.19969717760854	0.36422203684599	-1.53694031259464	0.609659090391384	-0.187967628333738	0.389182769412926	-0.801834155849356	-1.62271701155922	-1.0491867963363	0.972115546846305	-3.63020811796213	2.01539643785494	0.590920743107353	-0.345545057368029	0.334048884144553	0.494029031006135	-5.11341303966562	-0.635034177757587	0.419116247017763	2.81978687354504	1.51999385847953	0.591975321411379	-1.4206449799536	-1.33237316824731	2.3718818868941	-2.96252110839485	0.59756692811408	-1.32246729017774	2.08106385670873	-0.46574051398026	-1.61848234219255	1.26489575364219	1.1848185627628	0.782735270368212	-1.08093768349638	-6.17690747194268	1.2793801151349	0.559948223169991	-0.467341005204167	1.25974693452375	-0.29688620631377	1.15702903700861	-5.19503924091006	0.340290471915822	2.93439503114012	-1.05217586242537	2.84025770993359	-0.627288604012803	1.56371518884479	1.7109940475247	-4.35082184952624	1.11801235881958	-0.300867073798187	-1.47222177530512	0.35620862905717	-4.44683062135458	2.28577341719688	0.394952661126266	-0.249038975136004	-0.701153128473825	-3.64322528432361	-0.728645330664969	-0.349658963740293	-0.665978259958341	-4.02696347819382	1.08023427866585	0.200992583786618	3.30068023799963	3.56771902591609	0.315653719710896	0.534547639005472
"M301632"	0.191670460215875	-0.767330646474708	0.458316784228419	0.803373665328882	0.402545126622032	1.69222786572502	1.15011274849946	-0.682852516471705	0.495419808803022	0.18914680192018	2.85837448410246	2.58498968349639	0.312858893738581	2.94844033236476	0.00194564928637497	0.494679730740817	0.488892959828126	-0.239252426926725	0.525715763814757	-0.900083118948837	-0.272743357087944	-0.0338564834781021	0.650846613137068	-1.07020235287429	-1.69834096037208	-1.08257165837754	0.923655848335521	-3.63047428125602	2.33445997662268	0.535569480634168	-0.176038689443411	0.382159031835754	0.520710217912045	-5.11367920295952	-0.137232152213544	0.309096386149943	2.77112013897518	1.58550211932502	0.601930760339553	-1.57131076143372	-1.6714541328054	2.38475762717541	-0.45773269491425	0.386404330590854	1.06624146604937	2.11628788986105	-0.536335896398097	-5.05654734352475	1.3204378446388	1.04005440148407	0.790998748032791	-1.17120861642261	-6.17717363523658	1.26499895358272	0.760230290810379	-0.480179351662399	1.25068729143097	-0.331750440569454	1.19847437185205	-5.19530540420396	-0.166086132110602	2.83561827890865	-0.790337121158602	2.89523818020828	-0.64147810253244	1.64579796828582	1.69895559348162	-4.35108801282014	1.13493091393924	-0.631932113185575	-4.96303662659248	0.274720544010411	-4.44709678464848	2.32570692947658	0.653048688704244	-0.0930767670116905	-0.487612781924756	-1.13847196793483	-0.965888487054475	-0.0269043950754702	-3.20534236954495	-1.53898142024581	1.02953043696103	-0.147904288220074	3.35657924494944	3.57815141444805	0.374502875247486	0.452777878004645
"M301633"	-0.065168911977695	-0.796846236092135	0.404169230581274	-0.14818742706355	0.207141544335926	1.37061905996926	0.266921435170296	-1.21182560256061	-0.189833673036716	-0.378798763791822	3.84015787171592	3.22223100000807	-1.08386482331251	3.61694481357465	-0.365463771731204	0.941904498369166	0.0738382630997432	-0.291047011317668	0.121723465301256	-1.56119812689945	-0.465092867595888	0.0619167768691282	0.103473970711974	-1.61327231251765	-2.16718852833346	-1.13750514956189	0.571079426113347	-1.42783906856156	3.60676446035704	0.341041843014124	-0.672886645096133	-0.0618400058565438	0.339574323044568	-2.91104399026505	-0.63279238142088	-0.081111405948115	3.4749373121842	3.25398009100385	0.184459332587683	-1.96252674554112	-2.7297918541544	2.90227587871785	-0.760152058994279	0.262323748409573	-0.409911550439207	1.15617132267	-0.824779626388136	-2.85391213083028	0.309841343875899	0.984367728103387	0.261903547133495	-1.1606626022685	-3.97453842254211	0.682800550985613	0.291527722748519	-0.648762817503166	0.753028044462015	-1.29651157258298	0.674232026347698	-2.99267019150949	-0.668122710233925	3.66815293040196	-1.25616390522095	4.04300496456629	-1.10345250957428	0.332254905542331	3.40219370708999	-2.14845280012567	1.0260610816555	-0.913003911546273	-2.76040141389802	-0.150579821862365	-2.24446157195402	1.14541662494154	0.173531643511926	-0.0512710053243008	-0.978375686059858	-1.44085623492304	-1.66364849746783	-1.22196017882324	-1.00270715685049	-1.82459442879325	1.30056329694174	-1.2141199835146	4.12062532776731	4.26264082884179	-0.318470217566204	0.0818723667066266
"M301634"	0.250910718889111	-0.597596279492218	0.536121705126867	0.856720145124996	0.629087926857091	1.69411679776303	1.19205930560539	-0.64038823589557	0.238613770028723	-0.0693460019858634	2.96141487592495	2.59541383700826	0.686914656149718	2.89977819642615	-0.212566409522419	0.676742223602834	0.454890372031183	-0.107563075603446	0.296650770934539	-1.48940800659132	0.321956704268382	-0.084653556502885	0.43804460294105	-1.12642714049995	-4.60309309483781	-0.880871066454456	0.87608903951635	-3.86374363506591	2.27340406030606	0.419093979665093	0.0927872658369138	0.219957259582442	0.410381088507489	-5.3469485567694	-0.492448788069387	0.242764156328255	2.91546180315674	1.43823736836605	0.649319955102905	-1.75149563144579	-1.68523144724606	2.39371035702966	-3.19605662549863	0.577644646899969	0.025336573589076	2.12686909500443	-0.37137786261794	-5.28981669733463	1.27487586600768	1.14273373628264	0.856985537474256	-0.803472326175218	-1.64454867326199	1.19207351666024	0.436395387224647	-0.37404592222943	1.26831964502137	-0.148027631555363	1.1258159677117	-5.42857475801384	-0.169520393521192	2.83770185384677	-0.92700604503154	2.84822130974747	-0.284249748992187	1.4899876978691	1.78738095508843	-4.58435736663002	1.15164454698881	-0.748677572293656	-1.59879013194489	0.0501390986577421	-4.68036613845837	2.3331961852864	0.621886671812476	-0.357747772175877	-0.978440534500384	-3.87676080142739	-0.858527115612618	0.444076648043687	-0.772402750947262	-1.73134885959995	0.893924769822054	0.755585540027732	3.54308158409238	3.66658909655968	0.32434906675602	0.340438715249907
"M301636"	0.562274265566622	-0.77994690939116	0.851227419020542	1.10986003145416	0.523955655546802	1.84151492954476	1.32751814841682	-0.680940005425957	0.438103681303323	0.156927529860178	2.88391974973859	2.7081890620126	0.712045506016576	3.03451166123941	0.392088066312675	0.577993343721498	0.711988708318066	-0.00790003611120671	0.750698937497565	-0.732092439774683	-2.02626789730492	0.0981838766608982	0.652607097676987	-0.386552186700913	-4.74363195056644	-0.618295590320114	1.21988250923003	-4.00428249079453	2.47609799969293	0.963026460717236	0.0357605882038454	0.511334480523229	0.724596818680346	-5.48748741249802	0.03991781181072	0.375672248056595	2.7078152654499	1.70152411789959	0.766813538805956	-1.31581449068498	-1.35932219063881	2.46628412807481	-0.101177756689107	0.837935478682112	0.201580502962189	2.27749278324615	-0.303225964199258	-5.43035555306326	1.14289386055694	1.38407922516581	1.09408874155512	-0.593192323572714	-6.55098184477509	1.15590747515882	0.864282094499413	-3.22520623973614	1.42229487691993	-0.391188223585279	1.17176222166521	-5.56911361374247	0.0694401964227005	2.90395038607377	-3.83260732745393	2.80114388766867	-0.654990382334589	1.45224118497975	1.93470965850641	-4.72489622235864	1.25844409071704	-0.218708102525936	-5.33684483613099	0.730041932908061	-4.82090499418699	2.45805814743252	0.407403594243058	-0.076834017198264	-0.698762028272045	-4.01729965715602	-0.510688565887659	0.051909023530138	-0.0964034568545085	-1.19584353946747	1.44774879074036	2.4124597036987	3.5371981984851	3.63690918159917	0.132432601849817	0.383016773081915
"M301638"	0.322609297749913	-0.459262260163382	1.02666085766081	1.04628602532513	0.896524028093151	1.87509890307658	1.53207822948787	-0.468413874507505	0.412693322387589	0.499258284011317	3.11799321431548	2.9737510383014	0.841718292373987	3.17588567752431	-0.0568118544592746	0.852178257515153	1.20176036081892	0.123018639195317	0.50643096963497	-1.24498656173373	-1.44988542802011	-0.110850146606737	0.514218556486169	-1.07178070519875	-4.16724948128162	-0.579282241523474	1.06132918085539	-3.42790002150972	2.16799552704292	0.873658508434524	0.150752618062723	0.69551077974856	0.877162494294317	-4.91110494321321	-0.105836271443167	0.76992837437137	2.96514513610896	1.64998325618146	0.663131790931267	-3.96258769848928	-4.72985280710257	2.54861647267483	-2.76021301194244	0.760643796456351	-0.112940147130959	2.3539305780944	-0.336383108790642	-4.85397308377845	1.77605340792378	1.84703369964765	0.974502721107552	-1.36296912660641	-5.97459937549028	1.57191412045499	0.814785638373893	-2.64882377045133	1.65785093834107	-0.59590423593663	1.25329978955251	-4.99273114445766	0.0133781310772427	3.12448021669272	-3.25622485816912	3.359206376126	-0.00556390570487153	1.97084172827266	1.90779024249165	-4.14851375307383	1.36413904187068	-0.0107735411626741	-4.76046236684618	0.478277747106175	-4.24452252490218	2.48912147591474	1.04885062053128	-0.0361545470977802	-0.678334076964436	-3.4409171878712	-0.484262330275395	0.151328360300615	-0.615478210232636	-3.82465538174141	1.3800447402627	2.17614012488031	3.66585650623028	3.94936004697972	-0.176160909116436	0.636156751642169
"M301640"	0.376921940973379	-0.695308088765163	0.518770012637478	1.02673822408992	0.69571115673538	1.70472221748928	0.912034273845136	-0.693039616606916	0.723896068446975	0.0950941094275768	2.79954778654995	2.67105543700814	0.704258222736121	3.12557827625718	-0.0673018637866454	0.763870541334304	0.664867771127772	0.0255988255842521	0.612775938142049	-3.14049608989959	0.230859773528815	0.1049192824134	0.57293549473872	-0.677801830764446	-4.19176937636832	-3.16208599759675	1.2413355514157	-3.45241991659642	2.47230984975162	0.706285719594519	-0.0818814896878814	0.566513713987353	0.515339849194777	-4.93562483829991	0.104927702616243	0.540137343458947	3.14481866544628	1.50229626884258	1.08534409556439	-3.98710759357598	-4.75437270218926	2.44684945313257	-0.0901657387162222	0.526648842338837	0.847175483065317	2.26277675644603	-0.386909088526687	-4.87849297886514	1.78271577824651	1.53911024284687	0.87816523117113	-0.757232055013956	-5.99911927057697	1.38283054664436	0.448036377879095	-2.67334366553803	1.12985327040109	0.283406386526606	1.51885594799431	-5.01725103954435	-0.285944594211089	2.84249066821628	-0.100816801319419	3.28385375086851	-0.558672328938193	1.96966860125392	2.26135333509403	-4.17303364816053	1.32847069250396	-0.661840324371756	-4.78498226193288	0.383610494880787	-4.26904241998887	2.36022016466944	0.608285514105421	-0.0773456187766559	-0.333102875456446	-0.683234236728305	-0.363644887892573	0.0158393549796019	-0.51701888575523	-3.84917527682811	1.04323746647251	1.09525355862843	3.40223753100899	3.67409710506916	0.559957012625384	0.215113721271322
"M301642"	0.574774132351908	-0.629559628308303	1.06232456878755	0.812409090713944	0.370138359091283	1.82186153318942	1.25257658084081	-0.576526267318817	0.0601748988127317	0.00833324892292975	2.95391751149603	2.52048167193987	0.745446596934472	2.98948378119742	0.191768281133258	0.700556659207908	0.430056567892076	1.18723600901493	0.636566387313284	-0.936584575627203	0.891634815918041	0.0178587730423914	0.887870155103695	-0.720988687111744	-1.15134544410152	-0.660211977755973	1.12898138097049	-3.60445337261	2.46866036586582	0.677069191523258	0.117966351526889	0.344058552061556	0.77684560908619	-5.08765829431349	-0.579508219372808	0.552153918139568	2.65643824377218	1.61785551703904	1.14648305154426	-4.13914104958956	-4.90640615820284	2.40832681400658	-0.258302550239289	0.667314196711947	-1.29671254482561	2.13047778403982	-0.380421440239613	-5.03052643487872	1.4768649628529	1.28494729542367	1.0805734993616	-0.592002399241937	-6.15115272659055	1.43061577526774	0.613920041020201	-0.248032293939121	1.13152693570427	-0.180677548198216	1.30845084116667	-5.16928449555793	0.0168690493537769	2.9864749664575	-3.43277820926939	3.07386344057135	-0.351413004735562	1.82788750275073	1.83549988345525	-4.32506710417411	1.32354217738784	-0.465714361760685	-4.93701571794646	0.346584018004895	-4.42107587600245	2.45220192490334	0.470330651007752	0.0456727783539517	-0.344714706059946	-0.790202890523704	-0.495897157038275	0.173264570096639	-3.17932146089892	-4.00120873284169	0.879298033657949	0.842036325746173	3.5345870206592	3.61617451657102	0.401815550288403	0.0828029700200856
"M301643"	0.478648349558318	-0.577609556653292	0.727849303062326	0.845618900182076	0.616306279838821	1.84509852674823	1.36411733261897	-0.342125435865423	0.646817611262291	0.219965892803083	2.9180791563945	2.83977456321733	1.12113478192974	3.08534371967975	-0.0420641462989524	0.805321428759641	0.602626129345427	0.0631047926462553	0.624439063614497	-0.988038387716051	-1.48788758359418	-0.0140293508610529	0.725512159680466	-0.952935526028178	-4.20525163685569	-3.17556825808412	1.17666400599991	-3.46590217708379	2.67457177301649	0.70523437729164	-0.363085667827193	0.660748684255249	0.47938432099794	-4.94910709878728	0.649716222142122	0.041511320558353	2.9315477523602	1.66014379201678	1.03400686651725	-4.00058985406335	-4.76785496267664	2.38849528301642	0.0957418154667824	0.668845884223416	-1.1581613492994	2.41766295969915	-0.597673105323934	-4.89197523935251	1.50619626728865	1.51590586802633	1.07480141373681	-1.0144962032642	-6.01260153106434	1.46088793542113	0.408020043997976	-2.6868259260254	1.43194089973977	-0.28184048033526	1.34528534618295	-5.03073330003172	-0.340848554398248	3.05921693022433	-3.29422701374318	3.03003355255999	-0.287649019099928	1.687054148361	2.10766882572464	-4.1865159086479	1.17457161938624	-0.365924227972203	-1.2159415804422	0.541780352628106	-4.28252468047624	2.45708687547011	1.03855032188776	-0.0899877158456306	-0.252441772624293	-3.47891934344527	-0.542566379470332	-0.0884234872290603	-3.04077026537271	-1.15260000137439	1.1483378993519	3.57146635719476	3.56956588271018	3.77805471964092	0.29283248025098	0.312405938545557
"M301645"	0.739282034784787	-0.460463610847253	0.857129369773277	0.789930378248259	0.554218897344652	1.75670942973444	1.02130109012047	-0.430993763247813	0.363413115377967	-0.0857548015468819	2.9856681772919	2.572584031756	0.72716253655233	3.11455374864414	-0.00823558062931973	0.644769510956007	0.540219464127539	-0.0384133699383797	0.57750262522435	-0.834418645573807	1.04201527979425	-0.0061814833339886	0.897849739861944	-0.741601176175033	-4.41951213414212	-1.21320087290477	1.12086585769042	-3.68016267437021	2.25078726184344	0.656426085358817	-0.23194613019059	0.502337155020546	0.48270073101221	-5.16336759607371	0.00268427629963242	0.519813959382885	2.97108678986096	1.66824114956411	0.441196935151162	-1.15969456418246	-4.98211545996306	2.45208869755036	-0.508142710223654	0.717511286763743	-0.250840123023702	2.11031705289616	-0.284971866833482	-5.10623573663894	1.18680848219273	1.93816074976079	0.982300684110782	-0.861358256811995	-6.22686202835077	1.46961455828007	0.650031122674951	-0.162350267435932	1.29046500851292	-0.452728809030855	1.22940895028885	-5.24499379731815	-0.319586383454612	2.94339642184299	-3.50848751102961	2.98670546269022	-0.646655550100143	1.44469139556279	1.90947938753892	-4.40077640593433	1.15312961743244	-0.247785979124973	-5.01272501970667	0.435551534077804	-4.49678517776267	2.3537505301159	0.779518017095517	-0.263565735683922	-0.495897263638772	-3.6931798407317	-0.756349349281696	0.010967911934344	-0.483257522998607	-1.20775587671262	1.11486705622409	1.2735310875654	3.50700935840301	3.74720455070245	0.320077646575434	0.280316873378029
"M301646"	0.708477151147764	-0.366603879581252	1.19820472534508	1.04247526875451	0.646963063990968	2.09454108830316	1.32103605697227	-0.651962539808568	0.427837190363081	0.241080430131279	2.86322584426723	2.93820958870177	0.992535573732884	3.33297498455555	0.656833415875442	1.05264491780941	0.535908594066826	0.156142949511915	0.726911244721069	-3.1306478964595	-1.46455712966672	0.219956798841741	0.937267952748626	-0.942182439354608	-4.18192118292823	-0.910123147595679	1.24019981469115	-3.44257172315633	2.60337599426619	1.0599199412925	-0.483114808655082	0.582213092852753	1.00753279627785	-4.92577664485982	0.258718324408115	0.830325325191544	2.83146843026433	1.9190403775174	0.941494476960101	-3.97725940013589	-4.74452450874918	2.62863676251416	-2.77488471358905	0.947852688634787	2.65212851422311	2.52842054779415	-0.316574795777393	-4.86864478542506	1.37143631214129	1.48097770757206	1.27172682780634	-0.928444773557484	-5.98927107713689	1.75892354451067	0.944324707702208	-2.66349547209794	1.5552257104036	-0.176193035123168	1.44657196610769	-5.00740284610426	0.093158400287825	3.27071237359271	-3.27089655981572	3.16633273215895	-2.54386201573719	1.5101666873885	1.90738489794787	-4.16318545472044	1.55568938352741	0.187211990911862	-4.77513406849279	0.697663641508948	-4.25919422654879	2.68753302743344	0.885415579353977	0.285789759927375	-0.219994460640055	-3.45558888951781	-0.459019720245344	0.0948050383033241	-3.01743981144526	-3.83932708338802	1.29008102451891	1.22867230498537	3.62184504851615	4.04230751398708	0.76821067185823	0.703078311133068
"M301647"	0.671671808008587	-0.602615543116393	0.919686616454809	1.00495968161439	0.515853968397425	1.76785203157023	1.39305843149773	-0.427942540243669	1.09132310787966	0.410281515090158	3.03421163611387	2.7593877212727	0.736370967897472	3.16935396525864	-0.0278127111684041	0.711998204232875	0.671804558107135	0.130704813860935	0.718980301364272	-3.24984914448312	-1.58375837769033	0.0163551328366278	0.875576133239133	-0.692158821998328	-1.06900171540727	-0.733082785060369	1.22375456221751	-3.56177297117995	2.62374269929125	0.720014980070406	0.136478587914249	0.426839480997375	0.615324258982887	-5.04497789288344	0.359818805459839	0.438066602160047	2.92619953528813	1.72539654137409	0.617400240077906	-4.09646064815951	-4.86372575677279	2.48193192800797	-2.89408596161267	0.64841049743952	-1.25403214339556	2.33726852589288	-0.35406392641193	-4.98784603344867	1.16903736754935	1.43131018973172	1.01776948012496	-1.05129388703511	-6.1084723251605	1.22464457849251	0.530068008831401	-0.223062276419943	1.16292004790031	-0.379837818547555	1.22471642096744	-5.12660409412788	0.145347214400244	3.00053887754675	-3.39009780783934	3.01844774116814	-0.445217098700494	1.5477418251093	2.10926549768967	-4.28238670274406	1.23916479433844	-0.172204915109388	-4.89433531651641	0.285850710324073	-4.3783954745724	2.41458245700279	0.640910279759605	0.135644772904347	-0.643806313344533	-0.696981192231735	-0.630026937120985	0.052923425050543	-3.13664105946887	-1.14789142427527	1.23022794157582	2.09102293661167	3.67467685289633	3.88094577874037	0.518939929501804	0.523666648158612
"M301648"	0.0792285452487862	-1.0890950394111	0.327675419376215	0.593504512077213	0.181470743096697	1.4725490161399	0.921700396622399	-0.858842020387624	0.203489076522952	-0.153107944153639	2.61459923740169	2.32595454851491	0.196765395819896	2.74469341473398	-0.222031556944906	0.475752166276386	0.11460185063267	-0.386344115661102	0.270536902416466	-1.36159011056951	0.153433312258315	-0.275773814774505	0.48916392573618	-1.19978151882961	-1.80751770457028	-1.28454202765066	0.729937289489825	-3.80085689536117	2.0338545499099	0.424513197919492	-0.376699155395515	0.0696749888814105	0.306822199151567	-1.47878486079806	-0.219376750666601	-0.0468334644064345	2.63981364454764	1.2882815815471	0.549062898148667	-1.79077519567542	-1.94967746742821	2.13721169790806	-0.620410460944407	0.484910664245408	-0.275094331561792	1.90039554882848	-0.749446133534293	-1.9758712777997	0.770151217727205	1.17481062699404	0.703943390731483	-1.24679590845639	-2.24286779822836	1.09558046702437	0.36694161524647	-0.568649969116035	1.06309650967339	-0.522084420177588	0.92283934391163	-5.36568801830911	-0.274875831576804	2.64668245608276	-1.06372881724767	2.57799735545547	-0.717245071646942	1.11277647325356	1.70860876325448	-4.52147062692528	0.975910493207474	-0.679611040114185	-2.26926759267047	0.185016049917534	-4.61747939875363	2.10852611107608	0.379323014808785	-0.373979613333057	-0.747983147601466	-1.23915448231527	-0.946085115099286	-0.256901211785751	-0.913759458864171	-1.6568506852929	0.8858499445525	1.02374571646233	3.12596600703008	3.40335001455422	0.122456822204778	0.0637609374180617
