microsample	richness	neutral	phylogenetic	section	type	batch	cryosection	buffer	Xcoord	Ycoord	size	collection_method	collection	collection_attempts	cycles	animal	protocol	adapter	type_binomial	fastp_total_before_filtering.total_reads	fastp_total_after_filtering.total_reads	fastp_total_low_quality_reads	fastp_total_adapter_trimmed_reads	fastp_total_total_polyx_trimmed_reads	fastp_total_polyx_trimmed_reads.A	fastp_total_polyx_trimmed_reads.T	fastp_total_polyx_trimmed_reads.C	fastp_total_polyx_trimmed_reads.G	fastp_total_before_filtering.total_bases	fastp_total_after_filtering.total_bases	fastp_total_adapter_trimmed_bases	fastp_total_total_polyx_trimmed_bases	fastp_total_polyx_trimmed_bases.A	fastp_total_polyx_trimmed_bases.T	fastp_total_polyx_trimmed_bases.C	fastp_total_polyx_trimmed_bases.G	fastp_avg_before_filtering.gc_content	fastp_avg_after_filtering.gc_content	fastp_avg_duplication.rate	raw_sequences_chicken	raw_sequences_human	raw_sequences_pig	reads_mapped_chicken	reads_mapped_human	reads_mapped_pig	reads_unmapped_chicken	reads_unmapped_human	reads_unmapped_pig	raw_sequences_bacteria	reads_mapped_bacteria	reads_unmapped_bacteria	mapbac_counts_unfilt	mapbac_counts_filt	sgm_microbial_fraction	sgm_average_bacterial_archaeal_genome_size	np_Redundancy	np_Coverage	np_Diversity	kr_Eukaryota	kr_Bacteria	kr_Archaea	kr_Viruses	kr_total	kr_Bacteria_pct	genome_count_filtering30	seq_yield	seq_yield_filtered	low_quality_pct	adapter_contamination_pct	mapping_host_pct	mapping_human_pct	mapping_pig_pct	seq_yield_bacteria	mapping_bacteria_total_pct	mapping_bacteria_filtered_pct	mapping_reference_pct	bacteria_retained_pct
M300704	42	22.77485791460195	3.6532333363052567	Colon	Positive	MSEB0010	G121eO301A	B11	10676.96738	15665.82062	5000	Lid8_Covaris_500639	Success	1	15	G121e	ULV2_Full	TecanUDI_A_8nt	positive	16023182	3182898	1696134	11889655	89085	30954	5108	7364	45659	2403477300	471045321	813481944	1561437	286272	73280	266740	935145	0.70324	0.5010401428571428	0.290978929	3182898	3155354	3152896	27134	2402	59	3155764	3152952	3152837	3152784	2680433	472351	2680433	2358100	0.7535333333333334	2563926.8333333335	0.4498285714285714	0.4781142857142857	16.309128571428573	693599	141653	1272	16181	852705	0.16612192962396138	retained	16023182	3182898	0.8013566843339855	0.33846042315440217	0.00169342144400531	1.4990780233289493e-4	3.682165003181016e-6	3152784	0.16728468789782203	0.842136003101576	0.8501797141827667	0.8797459216477338
M300705	50	32.62359059093959	3.6077110840457554	Colon	Positive	MSEB0010	G121eO301A	B11	10812.31548	15756.81368	5000	Lid8_Covaris_500639	Success	2	15	G121e	ULV2_Full	TecanUDI_A_8nt	positive	17662348	4124340	1777082	12709618	102417	37088	5507	11976	47846	2649352200	606783463	857387524	1839561	337142	79262	431282	991875	0.7005088571428572	0.5176397142857143	0.2831031138571429	4124340	4122516	4121430	1582	1042	47	4122758	4121474	4121383	4121340	3432125	689215	3432125	3031832	0.7509999999999999	2696472	0.4089857142857143	0.4373	16.73277142857143	785598	180374	2057	21663	989692	0.18225266042364696	retained	17662348	4124340	0.7664897102016108	0.32362157209600145	8.956906522281182e-5	5.899555370554357e-5	2.661027854280756e-6	4121340	0.19431872817815615	0.8321634491821722	0.832769196426405	0.8833687584222603
M300706	48	28.510581176961743	3.736335696096786	Colon	Positive	MSEB0010	G121eO301A	B11	11055.41592	15656.03642	5000	Lid8_Covaris_500639	Success	1	15	G121e	ULV2_Full	TecanUDI_A_8nt	positive	19058652	3827408	1666078	14289408	108473	44893	5256	5250	53074	2858797800	566741075	956102151	1730339	402231	79120	197204	1051784	0.7078180000000001	0.5097532857142857	0.33216188214285713	3827408	3824418	3822306	2783	2083	49	3824625	3822335	3822257	3822212	3224205	598007	3224205	2852366	0.7273000000000001	2581074.8333333335	0.4414714285714286	0.4699428571428571	16.527328571428573	736490	168278	1780	19872	926420	0.1816433151270482	retained	19058652	3827408	0.7991774024731655	0.3344420339906516	1.4602291914454392e-4	1.0929419352428492e-4	2.5710107934181286e-6	3822212	0.169172772554953	0.8423990857520285	0.8435442618044211	0.8846726557399421
M300707	62	31.91834014247995	3.8481834192209345	Colon	Positive	MSEB0010	G121eO301A	B11	11216.84194	15649.18748	5000	Lid8_Covaris_500639	Success	1	15	G121e	ULV2_Full	TecanUDI_A_8nt	positive	25189802	6072748	2507764	17853501	141443	54798	7662	10064	68919	3778470300	899218930	1208340005	2402331	497854	113319	363814	1427344	0.6969865714285715	0.5129247142857143	0.311263006	6072748	6071836	6069242	574	2549	102	6072174	6069287	6069140	6069064	5079735	989329	5079735	4647447	0.7497833333333334	2570236.8333333335	0.4926428571428571	0.5205285714285715	16.70012857142857	1142731	267824	2774	32385	1445714	0.18525379155213273	retained	25189802	6072748	0.7589203757933468	0.3197960838808234	2.2786999278517553e-5	1.0119174418282448e-4	4.049257711513572e-6	6069064	0.2016583933450529	0.8364804533301893	0.8369882077368108	0.9148994977100184
M300708	72	35.49408975922983	3.772644999529044	Colon	Positive	MSEB0010	G121eO301A	B11	11879.87418	15812.03134	5000	Lid8_Covaris_500639	Fail	3	15	G121e	ULV2_Full	TecanUDI_A_8nt	positive	19894302	9737338	1344228	9851635	85823	33315	8017	5885	38606	2984145300	1444641006	642731133	1395831	305864	96448	209034	784485	0.6378582857142857	0.508464	0.187313914	9737338	9735974	9734570	879	1368	115	9736459	9734606	9734455	9734350	8106452	1627898	8106452	7564556	0.75	2635743.3333333335	0.5633428571428571	0.5899571428571428	16.733914285714285	1873063	430698	4399	52443	2360603	0.1824525343736325	retained	19894302	9737338	0.5105463865985346	0.2153819832432422	4.4183505407729306e-5	6.876340773353093e-5	5.780549626722264e-6	9734350	0.4074760702838431	0.8325121301119464	0.8327676732396102	0.9331525061765616
M300711	69	33.93215217512821	3.789264801824793	Colon	Positive	MSEB0010	G121eO301A	B11	12278.12556	15716.47232	5000	Lid8_Covaris_500639	Success	1	15	G121e	ULV2_Full	TecanUDI_A_8nt	positive	17774952	9323242	1216918	8217701	83752	30823	7639	13424	31866	2666242800	1383832184	535020370	1504483	286917	95894	479509	642163	0.6277227142857142	0.5062764285714285	0.18768273227142857	9323242	8878332	8875360	440903	2852	127	8882339	8875480	8875233	8875116	7454121	1420995	7454121	6923111	0.7077	2602843.6666666665	0.5374285714285714	0.5654571428571429	16.7492	1786447	578446	3840	47061	2415794	0.23944342936525215	retained	17774952	9323242	0.4754842657240369	0.20066453437773937	0.02480473646286077	1.6045050360754843e-4	7.144885679578769e-6	8875116	0.41936096367517617	0.799520274170723	0.8398899800295568	0.9287628950482558
M300712	71	36.10382479268289	3.7877768796072098	Colon	Positive	MSEB0010	G121eO301A	B11	12139.9368	15889.8483	5000	Lid8_Covaris_500639	Success	1	15	G121e	ULV2_Full	TecanUDI_A_8nt	positive	13371120	9542726	547944	4197106	39296	13856	5563	5833	14044	2005668000	1413677255	250392917	704851	130073	59694	204261	310823	0.5977735714285715	0.5213952857142857	0.11576864264285712	9542726	9539980	9533432	2286	6490	108	9540440	9533490	9533324	9533226	7980239	1552987	7980239	7428928	0.7434166666666667	2604863.5	0.5238714285714285	0.5527000000000001	16.7815	1861489	383324	4847	52417	2302077	0.16651224090245462	retained	13371120	9542726	0.2863181244353502	0.12484265441738114	1.7096548381885735e-4	4.853744488120666e-4	8.07710947175704e-6	9533226	0.5968265186461568	0.8362640821920277	0.8370974316563984	0.930915477594092
M300714	63	32.63969600517891	3.8768419508790366	Colon	Positive	MSEB0010	G121eO301A	B11	12138.95838	16135.2228	5000	Lid8_Covaris_500639	Success	1	15	G121e	ULV2_Full	TecanUDI_A_8nt	positive	21134334	8036002	1678236	12684752	100001	36960	7272	10687	45082	3170150100	1185505296	832163788	1805074	339334	95441	380472	989827	0.6658037142857143	0.51512	0.24021548037142856	8036002	8034442	8031994	1057	2409	115	8034945	8032033	8031879	8031766	6716224	1315542	6716224	6206634	0.7383500000000001	2591314.8333333335	0.5319857142857143	0.5592857142857143	16.711457142857142	1616055	332317	3888	42430	1994690	0.1666008251908818	retained	21134334	8036002	0.6197655435936614	0.26249980655490096	5.001340472806004e-5	1.1398513906328916e-4	5.4413827282184525e-6	8031766	0.3177873501951848	0.8357668402770433	0.8362076285588997	0.9241255205305838
M300715	69	35.43536732310665	3.7520891635464886	Colon	Positive	MSEB0010	G121eO301A	B11	12164.84958	16944.14066	5000	Lid8_Covaris_500639	Success	3	15	G121e	ULV2_Full	TecanUDI_A_8nt	positive	18951116	9243334	1163956	9705089	71577	26384	7114	7576	30503	2842667400	1361869913	622205411	1275475	243584	85667	266041	680183	0.6458392857142857	0.5209021428571429	0.16176838787142858	9243334	9240580	9239790	2055	704	175	9241279	9239876	9239615	9239444	7815387	1424057	7815387	7253796	0.7411500000000001	2600993.5	0.5469714285714286	0.5739428571428572	16.74277142857143	1708218	401277	4722	51823	2166040	0.18525835164632232	retained	18951116	9243334	0.5122538429926765	0.2188808338956573	1.0843688572219176e-4	3.7148208052760584e-5	9.234284672206111e-6	9239444	0.41239719075119374	0.8455160226818592	0.8458720026876076	0.9281429057831684
M300716	56	33.257245685037006	3.599721407167048	Colon	Positive	MSEB0010	G121eO301A	B11	12650.44174	17948.62884	5000	Lid8_Covaris_500639	Success	1	15	G121e	ULV2_Full	TecanUDI_A_8nt	positive	19914488	4127876	1564006	14982198	98873	38570	4922	4690	50691	2987173200	608267086	997886765	1631073	353752	67449	168678	1041194	0.7071607142857143	0.5199974285714286	0.27193906157142855	4127876	4126474	4121644	1164	4720	63	4126712	4121754	4121581	4121518	3419231	702287	3419231	3076840	0.7459666666666667	2640944.1666666665	0.4143	0.4426	16.422614285714285	752862	179061	2156	22310	956389	0.1872261182426816	retained	19914488	4127876	0.7927199534328977	0.33405721670239946	5.844990842847679e-5	2.3701337438351416e-4	3.1635259716443627e-6	4121518	0.1716956519293893	0.8283269652479871	0.829604771834067	0.8998631563646914
M300717	57	33.10964117956959	3.7944327822806514	Colon	Positive	MSEB0010	G121eO301A	B11	13434.73288	19286.92338	5000	Lid8_Covaris_500639	Success	2	15	G121e	ULV2_Full	TecanUDI_A_8nt	positive	13930828	5611560	1061454	8131577	62666	22235	4430	7849	28152	2089624200	827808536	531492784	1134709	206626	59579	280247	588257	0.6656002857142858	0.5272811428571429	0.1963966634857143	5611560	5608656	5607352	2517	1253	89	5609043	5607403	5607263	5607188	4682763	924425	4682763	4242409	0.7410666666666667	2598619	0.4522857142857143	0.4813285714285714	16.734614285714287	1126929	220913	2921	30809	1381572	0.15989973740058427	retained	13930828	5611560	0.5971840295494281	0.2543485015152485	1.8067842055045113e-4	8.994440244327185e-5	6.388708553432717e-6	5607188	0.3361439104696433	0.8344850629771401	0.8351357222194083	0.905962783083406
M300718	83	40.16352812748892	3.811764347220811	Colon	Positive	MSEB0010	G121eO301A	B11	13238.1966	20246.16108	5000	Lid8_Covaris_500639	Success	2	15	G121e	ULV2_Full	TecanUDI_A_8nt	positive	17557926	14811194	532914	3538511	46931	14733	8394	12544	11260	2633688900	2194456105	184486202	947405	142888	85964	455289	263264	0.5702787142857143	0.5203954285714286	0.09899503924285714	14811194	14809542	14806286	930	3183	159	14810264	14806359	14806127	14805978	12333394	2472584	12333394	11730277	0.7473333333333333	2618855.8333333335	0.5840571428571428	0.6113714285714286	16.843514285714285	2851523	613619	7107	79767	3552016	0.17275231868324917	retained	17557926	14811194	0.156438294591286	0.07004859305896	5.296753158658944e-5	1.8128564843023032e-4	9.055739271255614e-6	14805978	0.7024402540482287	0.8327076129041319	0.8330009675821483	0.9510988621623536
M300721	77	40.18347764759629	3.6950775379394334	Colon	Positive	MSEB0010	G121eO301A	B11	10372.8246	20398.47932	5000	Lid8_Covaris_500639	Success	1	15	G121e	ULV2_Full	TecanUDI_A_8nt	positive	20273764	12573474	1138440	7785997	78282	30167	7985	9857	30273	3041064600	1864247067	489839931	1371175	277506	93126	343783	656760	0.6181922857142857	0.5226698571428572	0.1535738149857143	12573474	12571536	12569906	1131	1569	178	12572343	12569967	12569728	12569560	10463113	2106447	10463113	9837682	0.7410666666666667	2672396.8333333335	0.5890571428571428	0.6150857142857142	16.7999	2370080	527767	6315	68473	2972635	0.17754181054855372	retained	20273764	12573474	0.379815509344984	0.1610751481569974	5.578638480747828e-5	7.739066115201893e-5	8.779820066959445e-6	12569560	0.5160912892149677	0.8321576837077803	0.8324168069526697	0.9402251509660652
M300722	50	29.754085262960352	3.684639237608144	Colon	Positive	MSEB0010	G121eO301A	B11	11173.1095	20408.58966	5000	Lid8_Covaris_500639	Success	1	15	G121e	ULV2_Full	TecanUDI_A_8nt	positive	23645072	3388812	2648432	18754827	139916	54838	5307	8591	71180	3546760800	500256851	1284937729	2372808	494884	88288	316946	1472690	0.7215204285714286	0.5175434285714285	0.320532844	3388812	3368962	3367942	19423	852	54	3369389	3368110	3367888	3367834	2846975	520859	2846975	2516747	0.7095666666666667	2607041.1666666665	0.39652857142857145	0.4243	16.627014285714285	653468	150266	1676	18341	823751	0.18241677400088133	retained	23645072	3388812	0.8566799881176086	0.3622848569319927	8.214396640450069e-4	3.603287822511177e-5	2.283773972014126e-6	3367834	0.12040458155509104	0.8401100444639596	0.8453430305650457	0.8840074113752316
M300724	64	36.19562379000552	3.716655615700733	Colon	Positive	MSEB0010	G121eO301A	B11	13295.24592	18310.96776	5000	Lid8_Covaris_500639	Success	1	15	G121e	ULV2_Full	TecanUDI_A_8nt	positive	17813582	6740658	1308972	10631703	88476	34662	6266	6380	41168	2672037300	997925050	697101383	1428329	314286	82481	230475	801087	0.6723218571428572	0.5310017142857143	0.23701804494285716	6740658	6732292	6718664	7904	13461	1750	6732754	6718831	6716914	6716816	5592238	1124578	5592238	5136973	0.7447166666666667	2638380.8333333335	0.5014	0.5293857142857142	16.720000000000002	1304341	272407	3396	37888	1618032	0.16835699170350155	retained	17813582	6740658	0.6216000802084611	0.26088759427123265	4.437063808952068e-4	7.556593614916978e-4	9.82396465797839e-5	6716816	0.31393113412002144	0.8296279087293852	0.8325727547099697	0.9185898382722624
M300725	21	17.635409492617473	2.9800475631062993	Colon	Positive	MSEB0010	G121eO301A	B11	12939.0334	18128.53828	5000	Lid8_Covaris_500639	Fail	3	15	G121e	ULV2_Full	TecanUDI_A_8nt	positive	14707212	911232	1666170	12636042	102578	26581	26024	6422	43551	2206081800	132415154	870961220	1744921	249122	272143	255208	968448	0.7386991428571429	0.5412545714285715	0.28469604785714286	911232	910104	908632	636	1266	150	910596	908838	908482	908380	760335	148045	760335	539911	0.6926833333333333	2648389	0.25767142857142855	0.2818	16.3037	161853	40750	588	4925	208116	0.19580426300716908	retained	14707212	911232	0.9380418260102594	0.3948000568247288	4.324409004235473e-5	8.608021697110234e-5	1.0199077840178002e-5	908380	0.05169810566407828	0.834403313316477	0.8370230520266849	0.7100962075927059
M300727	68	35.64856506469771	3.8939276686286295	Colon	Positive	MSEB0010	G121eO301A	B11	12777.0937	17606.38202	5000	Lid8_Covaris_500639	Success	1	15	G121e	ULV2_Full	TecanUDI_A_8nt	positive	17278612	9153410	1120994	8126101	76055	28108	7104	9481	31362	2591791800	1353481692	519507576	1315014	260396	85187	325601	643830	0.6311472857142857	0.5137079999999999	0.19208805007142857	9153410	9152062	9124466	847	27049	154	9152563	9125013	9124312	9124168	7638609	1485559	7638609	7079587	0.75755	2669623.8333333335	0.5423142857142857	0.5700571428571428	16.736114285714287	1792701	402326	4200	49263	2248490	0.17893163856632674	retained	17278612	9153410	0.4702462211663761	0.20044340598654567	4.9020141201156665e-5	0.00156546139238499	8.91275294566485e-6	9124168	0.4420846419839742	0.8345096526868129	0.8371841684633602	0.9268162567294648
M300729	9	8.553401206585653	2.550539670609767	Colon	Positive	MSEB0010	G121eO301A	B11	12551.78818	21653.41792	5000	Lid8_Covaris_500639	Success	1	19	G121e	ULV2_Full	TecanUDI_A_8nt	positive	38097118	329964	4534744	34472818	251791	98879	9090	11935	131887	5714567700	47732825	2377320757	4113287	888375	155363	447721	2621828	0.7544161428571429	0.5222484285714286	0.4230627942857143	329964	328648	327562	1210	1028	26	328754	327620	327536	327512	270787	56725	270787	135081	0.5791833333333334	2746626.3333333335	0.25894285714285714	0.28045714285714285	15.514242857142856	62989	15546	156	1799	80490	0.1931420052180395	retained	38097118	329964	0.991338872404994	0.4160106033917491	3.1760932677374705e-5	2.6983668423422476e-5	6.824663219931754e-7	327512	0.00710780799744484	0.8206561927967899	0.8268002393805418	0.4988459564159284
M300730	15	13.448922154293497	2.8796288275945168	Colon	Positive	MSEB0010	G121eO301A	B11	12478.73282	21318.48324	5000	Lid8_Covaris_500639	Success	2	19	G121e	ULV2_Full	TecanUDI_A_8nt	positive	30391696	720458	3996984	27078550	170175	48958	7002	12496	101719	4558754400	104595743	1879181645	3099138	465193	119019	480892	2034034	0.7518565714285714	0.523601	0.34955643485714283	720458	719934	718946	334	944	57	720124	718990	718889	718842	597625	121217	597625	364306	0.7493	2733829.6666666665	0.2953571428571429	0.3192428571428571	15.868914285714286	139487	34294	365	3798	177944	0.19272355347749853	retained	30391696	720458	0.9762942482709752	0.4122138374026027	1.098984406793224e-5	3.1061116168048006e-5	1.8755123109944244e-6	718842	0.01966408850628145	0.829507063562345	0.8313718452733703	0.6095896256013387
M300731	63	35.28676067905052	3.4606134194786375	Colon	Positive	MSEB0010	G121eO301A	B11	12362.87926	20562.75016	5000	Lid8_Covaris_500639	Fail	3	19	G121e	ULV2_Full	TecanUDI_A_8nt	positive	31634480	6967822	3472164	23035123	201785	80679	8814	12355	99937	4745172000	1021043136	1562393667	3308902	730036	124015	478675	1976176	0.7035812857142857	0.5263731428571429	0.32920079142857145	6967822	6964706	6962272	2543	2370	129	6965279	6962336	6962143	6962020	5876126	1085894	5876126	5414013	0.70815	2731213.6666666665	0.5119571428571429	0.5395285714285714	16.6724	1253921	309475	3548	39715	1606659	0.19262021374790791	retained	31634480	6967822	0.7797396385210061	0.3292596489653062	8.038697016672946e-5	7.491825375349935e-5	4.07782900177275e-6	6962020	0.18575067458039457	0.8433232077398074	0.8440260154380481	0.9213575406653975
M300733	29	21.62334844151614	3.3391084614600923	Colon	Positive	MSEB0010	G121eO301A	B11	12653.67	19720.44008	5000	Lid8_Covaris_500639	Success	1	19	G121e	ULV2_Full	TecanUDI_A_8nt	positive	28834124	1551280	3082272	25098646	176051	71798	7193	10317	86743	4325118600	226501713	1712335290	2969965	648138	117192	376821	1827814	0.743315	0.5272524285714286	0.42356102671428575	1551280	1550754	1549024	296	1593	58	1550984	1549161	1548966	1548918	1269025	279893	1269025	989002	0.74285	2673203.6666666665	0.33795714285714284	0.3641285714285714	16.271328571428572	291924	67475	748	8048	368195	0.18325887097869337	retained	28834124	1551280	0.9461998568085508	0.3959048175002646	1.02656144504338e-5	5.524703993088189e-5	2.0115055342066228e-6	1548918	0.0440112208714924	0.8180502552730649	0.8192977291244598	0.7793400445223695
M300735	57	34.104233817832196	3.6272579018823055	Colon	Positive	MSEB0010	G121eO301A	B11	11471.31336	19136.4	5000	Lid8_Covaris_500639	Success	1	19	G121e	ULV2_Full	TecanUDI_A_8nt	positive	63583828	5031612	6887756	54168787	388646	156555	18319	23242	190530	9537574200	728445565	3718200354	6565164	1409328	291371	868435	3996030	0.7352977142857143	0.5317821428571429	0.4237363722857143	5031612	5030532	5021594	623	7859	120	5030989	5022673	5021474	5021360	4172060	849300	4172060	3779302	0.7016333333333332	2621811.5	0.4334	0.4613857142857143	16.79667142857143	932060	213144	2812	27516	1175532	0.18131705474627657	retained	63583828	5031612	0.9208664819614196	0.3898475939510908	9.798088910280773e-6	1.236006111491117e-4	1.8872723422691697e-6	5021360	0.06561511206906259	0.8291696577558046	0.8308625551643379	0.9058599349002652
M300736	75	37.63617548895655	3.755122207987149	Colon	Positive	MSEB0010	G121eO301A	B11	13507.3447	18129.9332	5000	Lid8_Covaris_500639	Success	2	19	G121e	ULV2_Full	TecanUDI_A_8nt	positive	30973352	9309670	3018156	20464878	152580	46496	9132	14726	82226	4646002800	1372548298	1373851113	2754957	442639	122425	547891	1642002	0.6848958571428572	0.5173031428571429	0.2396701794285714	9309670	9303234	9266378	5800	36630	241	9303870	9266604	9266137	9265996	7588191	1677805	7588191	7084098	0.75715	2650469.8333333335	0.5379571428571429	0.5651714285714285	16.780228571428573	1774721	417861	4081	50438	2247101	0.1859555934512957	retained	30973352	9309670	0.6994296903996701	0.2957060449898997	1.8725774336597473e-4	0.00118262950680959	7.780882095034467e-6	9265996	0.24499095222241363	0.8150870009355863	0.8189288016096704	0.9335687517617836
M300738	68	37.23865209132121	3.6571721839628184	Colon	Positive	MSEB0010	G121eO301A	B11	13010.05838	17942.33102	5000	Lid8_Covaris_500639	Success	1	19	G121e	ULV2_Full	TecanUDI_A_8nt	positive	35401942	9021226	3429124	25307346	187492	69381	9069	19491	89551	5310291300	1313629917	1693665265	3375981	629528	134873	754963	1856617	0.6990211428571429	0.5373215714285714	0.3100993542857143	9021226	9018654	9017214	2071	1376	116	9019155	9017278	9017098	9016982	7556027	1460955	7556027	7002949	0.7217333333333333	2651535.1666666665	0.5361428571428571	0.5633571428571428	16.781785714285714	1684885	356229	5011	49314	2095439	0.17000208548184892	retained	35401942	9021226	0.7451770866129321	0.31894018036261024	5.84996156425543e-5	3.886792425116114e-5	3.2766564048943983e-6	9016982	0.2134353815957328	0.837583162199905	0.8379773853380211	0.9268030672733172
M300741	62	34.04726493628844	3.6816292629842886	Colon	Positive	MSEB0010	G121eO301A	B11	12684.36776	17716.75106	5000	Lid8_Covaris_500639	Success	1	19	G121e	ULV2_Full	TecanUDI_A_8nt	positive	16670480	6802488	1307482	9683989	84132	35448	5490	5561	37633	2500572000	1000355472	631211460	1348712	319924	72210	194526	762052	0.6631394285714286	0.523406	0.1987970892	6802488	6770264	6750266	31424	19842	1619	6771064	6750422	6748647	6748518	5537277	1211241	5537277	5076680	0.7405499999999999	2690178	0.4846714285714286	0.5137285714285714	16.746828571428573	1295010	309419	3301	36674	1644404	0.1881648305404268	retained	16670480	6802488	0.5919440831937652	0.25242682874158395	0.00188500871000715	0.00119024767133279	9.711777945206137e-5	6748518	0.3321606216497665	0.8140076101567544	0.8205174825050477	0.9168188624119762
M300742	69	35.56029925406285	3.8199395239651217	Colon	Positive	MSEB0010	G121eO301A	B11	12621.54598	17543.53628	5000	Lid8_Covaris_500639	Success	2	19	G121e	ULV2_Full	TecanUDI_A_8nt	positive	19391712	8552398	1386254	10684885	91837	37816	7016	7505	39500	2908756800	1259733256	693802201	1498149	344580	91293	268172	794104	0.6540375714285714	0.5182212857142857	0.19501767168571427	8552398	8503978	8482986	47500	20736	171	8504898	8483242	8482815	8482714	6993516	1489198	6993516	6482181	0.7214333333333333	2662528.8333333335	0.5139571428571429	0.5424142857142857	16.790071428571427	1650806	391088	4061	45967	2091922	0.18695152113702135	retained	19391712	8552398	0.558966325407473	0.2385219008340608	0.00244950007508362	0.00106932281172492	8.818200270301044e-6	8482714	0.3606445887810215	0.8177257419498016	0.824443214754146	0.92688441693706
M300743	63	35.02377745968155	3.673938615869939	Colon	Positive	MSEB0010	G121eO301A	B11	12372.90116	16657.59968	5000	Lid8_Covaris_500639	Success	2	19	G121e	ULV2_Full	TecanUDI_A_8nt	positive	34810024	7039646	3594822	26329575	206878	78228	10727	17324	100599	5221503600	1021192800	1768995341	3524607	702072	163678	605610	2053247	0.7082802857142857	0.5206818571428571	0.354934165	7039646	7033862	7032128	5341	1677	100	7034305	7032185	7032028	7031932	5870282	1161650	5870282	5394929	0.7177500000000001	2682135.8333333335	0.4864857142857143	0.5142571428571429	16.815685714285713	1300232	308410	3512	37657	1649811	0.18693656424887456	retained	34810024	7039646	0.7977695734998631	0.33879040914574876	1.5343281578892332e-4	4.8175778333275495e-5	2.872735738418336e-6	7031932	0.16863768895993866	0.8338888063405461	0.8348035788741984	0.9190238220242232
M300744	30	22.399800173440607	3.141042941153404	Colon	Positive	MSEB0010	G121eO301A	B11	11994.45138	14153.12974	5000	Lid8_Covaris_500639	Success	1	19	G121e	ULV2_Full	TecanUDI_A_8nt	positive	24819276	1756482	2635388	21324827	147314	58334	7455	6881	74644	3722891400	257155615	1459981090	2481790	525011	108541	266431	1581807	0.739006	0.5241322857142857	0.335769154	1756482	1754428	1749806	1586	4436	132	1754896	1749992	1749674	1749566	1434632	314934	1434632	1118819	0.7564333333333333	2672861	0.33735714285714286	0.3636428571428571	16.359457142857142	315674	87261	847	9721	413503	0.2110286987035161	retained	24819276	1756482	0.9292291201403295	0.3921632229186165	6.390194460144606e-5	1.7873204681715938e-4	5.318446839464616e-6	1749566	0.05780313656208183	0.8167644188781895	0.819993072567711	0.779864801565837
M300745	47	30.03705405231403	3.383860317741843	Colon	Positive	MSEB0010	G121eO301A	B11	12007.49698	14299.24046	5000	Lid8_Covaris_500639	Success	1	19	G121e	ULV2_Full	TecanUDI_A_8nt	positive	37946444	3272650	4671454	31844048	232572	80318	10260	16709	125285	5691966600	477758247	2201063055	4004469	739477	167156	634815	2463021	0.7326442857142857	0.5233467142857143	0.3794653938571429	3272650	3271568	3241542	799	29568	96	3271851	3242000	3241446	3241368	2642740	598628	2642740	2293004	0.6870833333333333	2672605.6666666665	0.38215714285714286	0.4096	16.68617142857143	609351	154051	1621	18216	783239	0.19668453690380583	retained	37946444	3272650	0.913756082124586	0.3866964108679063	2.10559914388816e-5	7.792034478909276e-4	2.5298813243211933e-6	3241368	0.06964394344829782	0.8075229554031137	0.8153162491886142	0.8676615936490157
M300747	68	37.78390881827889	3.572193320567568	Colon	Positive	MSEB0010	G121eO301A	B11	12029.34836	14662.47546	5000	Lid8_Covaris_500639	Success	3	19	G121e	ULV2_Full	TecanUDI_A_8nt	positive	35216960	9787084	3755070	23926054	213669	79226	9852	23318	101273	5282544000	1435356290	1618266823	3808221	723499	143354	880387	2060981	0.6927191428571429	0.5351101428571429	0.31366890985714285	9787084	9722288	9720238	62930	1989	181	9724154	9720299	9720057	9719882	8132479	1587403	8132479	7554085	0.7142833333333333	2691112.1666666665	0.5565714285714286	0.5830714285714286	16.775342857142856	1765527	434707	5141	51806	2257181	0.19258845435966368	retained	35216960	9787084	0.7220917421605954	0.30634232729533345	0.00178692311886091	5.6478469464712456e-5	5.139569116698318e-6	9719882	0.23092507132926865	0.8309399408444844	0.8366849515251317	0.9288785129356004
M300748	54	31.478372778733604	3.514702173069518	Colon	Positive	MSEB0010	G121eO301A	B11	12076.59094	15671.86506	5000	Lid8_Covaris_500639	Success	1	19	G121e	ULV2_Full	TecanUDI_A_8nt	positive	47813730	4618030	5510930	39918298	293712	109232	10316	15667	158497	7172059500	674280114	2726936788	4893934	991427	172554	634366	3095587	0.7331524285714286	0.5156377142857143	0.380470602	4618030	4613390	4604156	4136	8910	128	4613894	4604480	4604028	4603920	3778627	825293	3778627	3372750	0.68345	2661592.6666666665	0.42542857142857143	0.4533571428571429	16.777371428571428	849871	216115	2154	24518	1092658	0.19778832901054128	retained	47813730	4618030	0.9034162362986532	0.38021669898304666	8.650234984804574e-5	1.863481472790347e-4	2.67705531444629e-6	4603920	0.07902807415359563	0.8182335324803001	0.8207412379016142	0.8925861165973779
M300750	61	33.631773119038755	3.684666059178927	Colon	Positive	MSEB0010	G121eO301A	B11	12060.51008	16688.9842	5000	Lid8_Covaris_500639	Success	1	19	G121e	ULV2_Full	TecanUDI_A_8nt	positive	42515480	6498154	4796614	33496256	261892	95272	12455	18192	135973	6377322000	947787652	2288008602	4407160	869325	187589	730648	2619598	0.7181958571428572	0.5166561428571429	0.3591899012857143	6498154	6495772	6494054	1742	1651	167	6496412	6494121	6493887	6493728	5434022	1059706	5434022	4950601	0.6940500000000001	2652035.6666666665	0.4857	0.5134857142857142	16.795485714285714	1207600	294729	3220	34627	1540176	0.19136059774986755	retained	42515480	6498154	0.8471579293001044	0.35877263246234076	4.097331136800055e-5	3.883291450549306e-5	3.927981055370891e-6	6493728	0.1278127872483152	0.8362408770244596	0.8368108427085336	0.9110380856021562
M300751	67	36.97639341073712	3.688003063904183	Colon	Positive	MSEB0010	G121eO301A	B11	11931.1964	19713.76962	5000	Lid8_Covaris_500639	Success	1	19	G121e	ULV2_Full	TecanUDI_A_8nt	positive	33272966	8305184	3244036	23489875	177756	52583	22800	13924	88449	4990944900	1216465199	1575375817	3091246	493251	268778	486749	1842468	0.697719	0.5219067142857142	0.25042820585714287	8305184	8299258	8296806	5158	2359	201	8300026	8296899	8296605	8296410	6871252	1425158	6871252	6328742	0.7150833333333333	2680883	0.5066428571428571	0.5347285714285714	16.810628571428573	1554381	358431	3825	46208	1962845	0.18260789822935583	retained	33272966	8305184	0.7503924357089176	0.31564680607874473	1.5502074567082477e-4	7.089839841750206e-5	6.040940263636251e-6	8296410	0.20651155655915976	0.8273449450367385	0.8282199168073902	0.921046411920273
M300753	55	30.721152931292163	3.578878783321859	Colon	Positive	MSEB0010	G121eO301A	B12	13884.29948	20066.12646	5000	Lid8_Covaris_500639	Success	1	15	G121e	ULV2_Full	TecanUDI_A_8nt	positive	21783290	7767908	1839952	13796201	124452	49651	12338	12793	49670	3267493500	1137456917	896619588	2134659	478228	158969	471897	1025565	0.6636615714285714	0.497749	0.22472345	7767908	5870048	5867578	1884216	2341	125	5883692	5867707	5867453	5867358	4878827	988531	4878827	4439734	0.5148833333333334	2615395.1666666665	0.4731	0.5015428571428572	16.717814285714287	1129246	1100028	2883	30438	2262595	0.4861798068147415	retained	21783290	7767908	0.6434006066117652	0.2744059285810362	0.08649822868813664	1.0746769656925102e-4	5.738343473368807e-6	5867358	0.22397108058516413	0.6280747660760143	0.8315202515339953	0.9100002931032398
M300755	62	32.19498603665866	3.822222760906509	Colon	Positive	MSEB0010	G121eO301A	B12	13715.67514	19528.97232	5000	Lid8_Covaris_500639	Success	1	15	G121e	ULV2_Full	TecanUDI_A_8nt	positive	27759756	6492506	2597050	20184105	164494	68661	7522	9878	78433	4163963400	952977991	1349845669	2719111	614124	112684	372719	1619584	0.6998508571428571	0.5183457142857143	0.3093700955714286	6492506	6491398	6489252	683	2085	99	6491823	6489313	6489153	6489058	5432549	1056509	5432549	4965486	0.6906	2572602.6666666665	0.49168571428571434	0.5196000000000001	16.732285714285712	1290252	274430	3218	34666	1602566	0.17124411724696517	retained	27759756	6492506	0.7661180451297915	0.32417327899664056	2.460396265730866e-5	7.510872934185732e-5	3.566313767311211e-6	6489058	0.1956987302049773	0.8367414677783894	0.8371860753902954	0.9140250736808816
M300756	86	35.91843417785024	3.881915816876161	Colon	Positive	MSEB0010	G121eO301A	B12	13508.6447	19087.25324	5000	Lid8_Covaris_500639	Success	1	15	G121e	ULV2_Full	TecanUDI_A_8nt	positive	19192550	17785300	405666	3117687	50477	13234	9348	21102	6793	2878882500	2622456520	112784156	1152178	131055	95863	732243	193017	0.5564502857142857	0.5258407142857143	0.08002695165714285	17785300	17781426	17778804	2891	2548	189	17782409	17778878	17778615	17778430	14885871	2892559	14885871	14202262	0.7195333333333334	2585821.6666666665	0.5745142857142858	0.6004857142857143	17.0515	3584675	715556	9201	93385	4402817	0.16252231241952594	retained	19192550	17785300	0.07332272157686186	0.03917636652416345	1.5063136477435254e-4	1.3275984691976837e-4	9.84757106273007e-6	17778430	0.775606732820808	0.8369760982384329	0.8372995253236647	0.9540766542985628
M300757	67	32.868965202759824	3.902127862198058	Colon	Positive	MSEB0010	G121eO301A	B12	13209.3237	18911.46378	5000	Lid8_Covaris_500639	Fail	3	15	G121e	ULV2_Full	TecanUDI_A_8nt	positive	28509168	8757876	2631892	18606096	150564	56377	9004	13565	71618	4276375200	1294498116	1248412701	2602704	518122	117431	494116	1473035	0.6832535714285715	0.5207641428571429	0.2634615775714286	8757876	8755478	8748996	1681	6329	191	8756195	8749149	8748805	8748644	7438195	1310449	7438195	6912677	0.7358	2578243.6666666665	0.5804142857142858	0.6062428571428571	16.5731	1791060	355359	4394	46893	2197706	0.16169542240863882	retained	28509168	8757876	0.6928049250683148	0.2919324527464288	5.896348851709738e-5	2.2199876194212333e-4	6.69959923067555e-6	8748644	0.2609053691079305	0.8493149480536148	0.8502111870136675	0.929348719682665
M300758	80	39.610746707216414	3.712980716900071	Colon	Positive	MSEB0010	G121eO301A	B12	13454.4955	18211.87688	5000	Lid8_Covaris_500639	Fail	3	15	G121e	ULV2_Full	TecanUDI_A_8nt	positive	19807412	14664330	852978	5849363	61196	19293	7854	14555	19494	2971111800	2169604240	334822955	1234374	185886	87614	499835	461039	0.599456	0.5320728571428571	0.13068423831428572	14664330	14658612	14655416	4631	3113	229	14659699	14655499	14655187	14654972	12303244	2351728	12303244	11668085	0.7549333333333333	2652269	0.5852999999999999	0.6125285714285714	16.8669	2764497	596952	7877	82575	3451901	0.17293427592506275	retained	19807412	14664330	0.25965441623570007	0.1126928158677839	2.33801366882256e-4	1.5716338913937875e-4	1.1561328658181087e-5	14654972	0.6211434386279238	0.8389912120090042	0.8395269537191883	0.948374672566032
M300759	88	38.31020256872412	3.9681041715665506	Colon	Positive	MSEB0010	G121eO301A	B12	13356.62736	17525.29242	5000	Lid8_Covaris_500639	Success	1	15	G121e	ULV2_Full	TecanUDI_A_8nt	positive	19249204	16868806	491022	3572916	49950	16118	10525	13009	10298	2887380600	2495496542	162468388	1030853	159501	108799	457076	305477	0.5597822857142857	0.5145272857142857	0.1096191998	16868806	16862840	16859342	4634	3392	328	16864172	16859448	16859014	16858712	13996825	2861887	13996825	13334478	0.7142666666666666	2587092	0.6226714285714285	0.6483	16.751414285714286	3390897	719210	8118	91720	4209945	0.17083596103987106	retained	19249204	16868806	0.12366215247134375	0.05626843513459916	2.407372273679473e-4	1.7621507881572662e-4	1.703966564019998e-5	16858712	0.7271378598304636	0.8297460413025083	0.8302428441745727	0.95267876822065
M300760	64	31.798645337775586	3.8262726121939	Colon	Positive	MSEB0010	G121eO301A	B12	12866.49454	15050.06616	5000	Lid8_Covaris_500639	Success	1	15	G121e	ULV2_Full	TecanUDI_A_8nt	positive	21348604	18904848	534638	3470471	133832	56806	47643	17694	11689	3202290600	2801899568	163502702	2176748	702184	626000	557637	290927	0.5249255714285714	0.47685442857142857	0.08180697214142857	18904848	18885012	8446648	14672	10362254	218	18890176	8522758	8446430	8446266	6871274	1574992	6871274	6341125	0.33695	2504367.5	0.5069857142857143	0.5367571428571428	16.751528571428572	4678771	1741919	3859	43866	6468415	0.2692961104072636	retained	21348604	18904848	0.11446912407012656	0.05105804638717048	6.872580520955843e-4	0.4853832128789311	1.0211440523230466e-5	8446266	0.3218605769257793	0.36346623892453406	0.8135280134440473	0.9228456033044236
M300761	96	38.087332070602805	3.935484967385562	Colon	Positive	MSEB0010	G121eO301A	B12	12921.93834	15311.99024	5000	Lid8_Covaris_500639	Success	3	15	G121e	ULV2_Full	TecanUDI_A_8nt	positive	23205464	21053868	528846	3475824	60018	16974	12434	20868	9742	3480819600	3120160896	147435076	1344451	170241	128270	735196	310744	0.5559427142857143	0.5201935714285715	0.07319684337142857	21053868	21047496	21046144	4811	1262	318	21049057	21046234	21045826	21045508	17438606	3606902	17438606	16742672	0.7511833333333334	2600208.1666666665	0.6245142857142857	0.6497571428571429	16.901471428571426	4118424	898051	10259	113349	5140083	0.17471527210747376	retained	23205464	21053868	0.09271936988633368	0.04235642548094132	2.0732186178220785e-4	5.4383743414912974e-5	1.3703669101380603e-5	21045508	0.7514870635639951	0.8282851398137387	0.8286141631743933	0.9600923376558884
M300763	100	41.579019656433466	3.875580047295219	Colon	Positive	MSEB0010	G121eO301A	B12	12995.94598	15577.54522	5000	Lid8_Covaris_500639	Fail	3	15	G121e	ULV2_Full	TecanUDI_A_8nt	positive	25006014	23782154	438678	2419300	51957	15531	12084	17484	6858	3750902100	3534838252	81956880	1123190	156431	122275	619183	225301	0.5565878571428572	0.5296917142857143	0.06531429999999999	23782154	23777096	23775990	3547	1006	307	23778607	23776090	23775683	23775378	19840828	3934550	19840828	19119533	0.7565500000000001	2646161.3333333335	0.6230571428571428	0.6475142857142857	15.699228571428572	4469569	980223	12154	129738	5591684	0.1753001421396488	retained	25006014	23782154	0.0489426263618024	0.02184991178522094	1.418458775556952e-4	4.023032219369309e-5	1.2277046633661806e-5	23775378	0.7934422495324525	0.8342738004303563	0.8345115690694802	0.9636459224383176
M300764	96	40.60636118456477	3.770192100096269	Colon	Positive	MSEB0010	G121eO301A	B12	12999.10738	16205.10154	5000	Lid8_Covaris_500639	Success	2	15	G121e	ULV2_Full	TecanUDI_A_8nt	positive	21307922	19871968	398662	2329017	41360	14125	10577	9634	7024	3196188300	2955257762	93535742	781298	140725	106498	319145	214930	0.5590972857142857	0.5244182857142857	0.07356072672857143	19871968	19866854	19865152	3809	1634	253	19868159	19865220	19864899	19864646	16562590	3302056	16562590	15925065	0.7448666666666667	2655913.8333333335	0.6378428571428572	0.6627714285714287	15.671028571428572	3693616	832084	10218	110017	4645935	0.17909936320676031	retained	21307922	19871968	0.06739061650404014	0.02926477829857521	1.7875980585999892e-4	7.668509392891527e-5	1.18735182154318e-5	19864646	0.7772972887736308	0.8334650096054905	0.8337722202550198	0.9615081336916508
M300766	96	39.284202965848394	3.9662472901571806	Colon	Positive	MSEB0010	G121eO301A	B12	13128.59698	18741.54252	5000	Lid8_Covaris_500639	Success	2	15	G121e	ULV2_Full	TecanUDI_A_8nt	positive	19963652	19487694	266670	1792892	39724	11034	9962	14974	3754	2994547800	2892098454	41217918	857824	111333	99240	514466	132785	0.548658	0.5307861428571429	0.07964401428571428	19487694	19481244	19479440	5466	1739	230	19482228	19479505	19479210	19478984	16279054	3199930	16279054	15634910	0.76435	2623748.6666666665	0.5689857142857143	0.5927428571428571	15.650414285714286	3889171	780463	10093	105266	4784993	0.16310640370842758	retained	19963652	19487694	0.02384122904967488	0.01376432127748971	2.7379759975779984e-4	8.710831064376397e-5	1.152093815299926e-5	19478984	0.8154346709710227	0.8353504524445017	0.8357239782115946	0.9604311159604236
M300767	82	34.78208895132525	3.804255419700553	Colon	Positive	MSEB0010	G121eO301A	B12	13103.6842	20085.08362	5000	Lid8_Covaris_500639	Success	1	15	G121e	ULV2_Full	TecanUDI_A_8nt	positive	19998684	19026202	361376	2272568	45732	13904	11302	15333	5193	2999802600	2820810692	71460669	996838	140407	112454	562899	181078	0.5418378571428571	0.5108032857142857	0.19532526157142857	19026202	19023222	19010578	1750	12509	329	19024452	19010713	19010249	19009978	15693173	3316805	15693173	14885110	0.76	2548221	0.6689571428571429	0.6914	15.377957142857143	3829226	809308	8571	101045	4748150	0.17044701620631192	retained	19998684	19026202	0.0486272996763187	0.02382179047381318	8.750575787886842e-5	6.254911573181515e-4	1.6451082481227264e-5	19009978	0.7847102839366831	0.8248190048649752	0.8255229437929913	0.9485086285609672
M300768	67	32.80707234474137	3.7858490722972378	Colon	Positive	MSEB0010	G121eO301A	B12	12299.77816	15261.2528	5000	Lid8_Covaris_500639	Success	1	15	G121e	ULV2_Full	TecanUDI_A_8nt	positive	19900918	8922280	1432288	11200880	96751	36736	7890	12895	39230	2985137700	1303998428	708510389	1782829	336678	96930	498600	850621	0.6517381428571428	0.5172842857142858	0.1668836691857143	8922280	8920908	8918990	769	1865	158	8921511	8919043	8918832	8918682	7470220	1448462	7470220	6916955	0.7029833333333333	2591914.1666666665	0.5388142857142857	0.5662285714285714	16.73222857142857	1748207	386057	4543	46996	2185803	0.17662021691799307	retained	19900918	8922280	0.55166490309643	0.23734596531342592	3.864143352583032e-5	9.37142698643349e-5	7.93933224587931e-6	8918682	0.3753706236064085	0.8372546030835167	0.8375923707112778	0.925937254859964
M300771	50	30.484031341575783	3.749675266378565	Colon	Positive	MSEB0010	G121eO301A	B12	12230.63648	14216.24098	5000	Lid8_Covaris_500639	Success	1	15	G121e	ULV2_Full	TecanUDI_A_8nt	positive	35217072	3762658	4017524	28651966	221425	85176	11244	20852	104153	5282560800	551977225	2000882998	4250880	778602	166041	951238	2354999	0.7240854285714285	0.5159672857142857	0.30787782457142854	3762658	3761076	3759018	1049	1992	163	3761609	3759084	3758855	3758720	3098606	660114	3098606	2748012	0.6943833333333334	2621912.5	0.4172571428571428	0.44515714285714286	16.647185714285715	732671	170141	1733	20330	924875	0.1839610758210569	retained	35217072	3762658	0.8931581251274949	0.3787714091241505	2.978668981907411e-5	5.65634758051436e-5	4.628437026224099e-6	3758720	0.08798590638085983	0.8235151852759406	0.824377979737783	0.8868542822159384
M300772	83	39.39317791555867	3.712587248356378	Colon	Positive	MSEB0010	G121eO301A	B12	12192.80424	14393.51548	5000	Lid8_Covaris_500639	Success	2	15	G121e	ULV2_Full	TecanUDI_A_8nt	positive	18893568	15048766	677702	4295362	57480	17206	8166	17796	14312	2834035200	2234724498	243005362	1263490	167036	88660	617807	389987	0.5877377142857143	0.5327455714285715	0.11520941947142856	15048766	15034756	15031750	12640	2931	259	15036126	15031825	15031491	15031246	12524597	2506649	12524597	11913279	0.7395	2687576.6666666665	0.6039142857142857	0.6303	16.81032857142857	2799522	624392	7710	82859	3514483	0.17766254666760375	retained	18893568	15048766	0.20349793114778533	0.08574535771468188	6.690107448206712e-4	1.5513215926181862e-4	1.3708368900993184e-5	15031246	0.6629026873060716	0.8322673766074906	0.8332374441879269	0.9511906051747612
M300773	87	41.667617826364946	3.4549300197298902	Colon	Positive	MSEB0010	G121eO301A	B12	12122.68414	16011.33192	5000	Lid8_Covaris_500639	Fail	3	15	G121e	ULV2_Full	TecanUDI_A_8nt	positive	19721800	16640224	566472	4048952	50353	16692	8469	13300	11892	2958270000	2465346291	205080784	1034280	163097	87983	469367	313833	0.5849792857142857	0.5375231428571429	0.1014076330857143	16640224	16632100	16628916	6965	3067	247	16633259	16629033	16628669	16628422	13985019	2643403	13985019	13340353	0.7246166666666667	2758213.6666666665	0.6422428571428571	0.6668857142857143	16.685071428571426	2921612	707208	9539	91187	3729546	0.18962308012825155	retained	19721800	16640224	0.15625226906266165	0.06932456604704777	3.5316249023922765e-4	1.555131884513584e-4	1.252421178594246e-5	16628422	0.7091147359774462	0.8404345398235024	0.8410310371002131	0.9539031015975022
M300774	97	38.99366765369828	3.969535749188304	Colon	Positive	MSEB0010	G121eO301A	B12	12155.62428	16716.4693	5000	Lid8_Covaris_500639	Fail	3	15	G121e	ULV2_Full	TecanUDI_A_8nt	positive	22922994	20924410	503528	3259272	50803	15906	11949	13944	9004	3438449100	3104337491	137189743	1014771	160576	120728	488222	245245	0.5581958571428571	0.5214415714285714	0.08603634957285715	20924410	20915054	20912750	8139	2173	269	20916271	20912881	20912481	20912224	17525212	3387012	17525212	16838500	0.7391	2615187	0.6394571428571428	0.664	15.627214285714285	4076484	887185	10628	113805	5088102	0.17436462555192486	retained	22922994	20924410	0.08718686572966865	0.03989872730702921	3.5505833138550747e-4	9.479564493189676e-5	1.1734941779420262e-5	20912224	0.7645254367732243	0.8375486811814526	0.8380367387036405	0.9608157664512132
M300775	77	34.24459318999142	3.834195246063528	Colon	Positive	MSEB0010	G121eO301A	B12	12941.42922	17792.20912	5000	Lid8_Covaris_500639	Success	1	15	G121e	ULV2_Full	TecanUDI_A_8nt	positive	16826302	13597144	553824	4060546	50941	16531	8028	14106	12276	2523945300	2011435475	213881225	1077434	157852	84741	520890	313951	0.5761348571428572	0.5198207142857143	0.09108484732857144	13597144	13595142	13593734	1132	1337	177	13596012	13593805	13593557	13593384	11358791	2234593	11358791	10709320	0.7334833333333333	2594373	0.5848571428571429	0.6120571428571429	16.803571428571427	2672861	571699	7103	72059	3323722	0.17200566112328286	retained	16826302	13597144	0.19191133024951057	0.08474083214085504	6.727562598127622e-5	7.945893280650734e-5	1.051924540519955e-5	13593384	0.6750616386179209	0.8353806505248456	0.8356117211137418	0.9428221718314916
M300776	64	33.10198104638734	3.717807335612049	Colon	Positive	MSEB0010	G121eO301A	B12	10481.8709	16446.69692	5000	Lid8_Covaris_500639	Success	1	19	G121e	ULV2_Full	TecanUDI_A_8nt	positive	36180034	6422492	3873524	27929345	194714	67588	11462	14994	100670	5427005100	935747042	1889231784	3542054	631306	166202	566960	2177586	0.7129658571428571	0.5160098571428572	0.320719007	6422492	6415468	6413244	6414	2170	142	6416078	6413298	6413102	6412964	5310032	1102932	5310032	4858857	0.7173666666666666	2634107.1666666665	0.4867	0.5146142857142857	16.743085714285712	1220128	290421	3139	33746	1547434	0.18767908679788609	retained	36180034	6422492	0.8224851861664917	0.34811682487639456	1.7728009874175353e-4	5.997783197218665e-5	3.924816654401154e-6	6412964	0.1467669156972047	0.8267868609256345	0.8280152516059657	0.9150334687248588
M300778	67	34.05592892142554	3.7547931131910657	Colon	Positive	MSEB0010	G121eO301A	B12	10349.8842	16974.87142	5000	Lid8_Covaris_500639	Success	1	19	G121e	ULV2_Full	TecanUDI_A_8nt	positive	45134914	8575852	4323464	34821883	243220	91806	17139	16077	118198	6770237100	1243536680	2331753596	4062882	835874	227206	624952	2374850	0.7100294285714286	0.5166594285714285	0.32248358885714284	8575852	8574270	8568822	1016	5333	156	8574836	8568937	8568666	8568522	7125271	1443251	7125271	6575126	0.682	2638774.1666666665	0.5260714285714285	0.5533	16.805699999999998	1637116	383606	4154	45655	2070531	0.1852693825883312	retained	45134914	8575852	0.8099951625032453	0.3444123982009434	2.251028992765999e-5	1.1815686632304208e-4	3.456304358971416e-6	8568522	0.1578660590779014	0.8308528412104127	0.8315635998833871	0.9227896033708752
M300780	74	33.71060079827524	3.809819364780172	Colon	Positive	MSEB0010	G121eO301A	B12	10386.11188	17635.7851	5000	Lid8_Covaris_500639	Success	2	19	G121e	ULV2_Full	TecanUDI_A_8nt	positive	32035954	11994214	2749312	20004023	173743	64938	12505	20892	75408	4805393100	1742876023	1298232524	3085244	590304	156234	783126	1555580	0.665687	0.5157068571428571	0.2393917662857143	11994214	11992208	11991088	1171	1055	185	11993043	11991153	11990903	11990722	10012583	1978139	10012583	9392650	0.6922833333333334	2590001.3333333335	0.5807571428571429	0.6071285714285715	16.783385714285714	2314313	526494	5798	62928	2909533	0.18095481302325836	retained	32035954	11994214	0.6256014726453909	0.2701615657624347	3.655268077860269e-5	3.293174912162753e-5	5.774761694313833e-6	11990722	0.3125420582137183	0.834784421888754	0.8350275321202509	0.9380846081375804
M300782	71	32.98706079207285	3.822591875661776	Colon	Positive	MSEB0010	G121eO301A	B12	10499.6086	18348.85048	5000	Lid8_Covaris_500639	Success	1	19	G121e	ULV2_Full	TecanUDI_A_8nt	positive	39855452	10216340	3465394	28877466	211704	82332	16846	16506	96020	5978317800	1475553405	1910979626	3739192	746292	217987	591682	2183231	0.6932307142857143	0.5139961428571428	0.31232169285714284	10216340	10212388	10210828	3129	1484	184	10213211	10210904	10210644	10210468	8483908	1726560	8483908	7903074	0.6944166666666667	2597010.6666666665	0.5681571428571428	0.5945	16.712657142857143	1956404	455222	4952	53899	2470477	0.18426482011368656	retained	39855452	10216340	0.7436651828713422	0.3196517297892728	7.850870691417576e-5	3.723455450963145e-5	4.616683308471825e-6	10210468	0.21286693725114447	0.830425377385639	0.8309029517550028	0.9315369756484864
M300783	57	32.207747206229335	3.743536356043202	Colon	Positive	MSEB0010	G121eO301A	B12	10505.17912	19231.33282	5000	Lid8_Covaris_500639	Success	1	19	G121e	ULV2_Full	TecanUDI_A_8nt	positive	29071946	5310694	2970882	22483524	189661	69931	21359	9753	88618	4360791900	766336870	1513714195	3080781	635613	253989	390664	1800515	0.7090332857142857	0.5191132857142857	0.28455246100000003	5310694	5308958	5306446	1096	2175	183	5309598	5306783	5306263	5306084	4411079	895005	4411079	3989467	0.6951166666666667	2581445.3333333335	0.4436857142857143	0.4720285714285714	16.795142857142856	1016868	233218	2956	29834	1282876	0.18179309613711692	retained	29071946	5310694	0.8173258164417339	0.34711910811428537	3.769957470339275e-5	7.481439322981681e-5	6.294728257957001e-6	5306084	0.15172974660863775	0.8306031189144018	0.831324758522481	0.9044197576148604
M300784	51	28.673632666653933	3.6980257431147736	Colon	Positive	MSEB0010	G121eO301A	B12	11637.20456	19482.30058	5000	Lid8_Covaris_500639	Success	2	19	G121e	ULV2_Full	TecanUDI_A_8nt	positive	50347740	4582276	6504730	42112296	296864	95199	11461	19775	170429	7552161000	664962249	2911248068	5354798	889614	182730	856036	3426418	0.7339111428571429	0.519275	0.33598658785714286	4582276	4580856	4579306	935	1493	95	4581341	4579363	4579211	4579118	3814362	764756	3814362	3411668	0.6965166666666667	2524615	0.44212857142857137	0.4700714285714286	16.666514285714285	891488	198748	2139	24472	1116847	0.1779545452510505	retained	50347740	4582276	0.9089874540545416	0.3854854349635819	1.8570843497642596e-5	2.965376400211807e-5	1.886877146819301e-6	4579118	0.07576034197364172	0.8324164672752143	0.8329905453408276	0.8944269054693812
M300786	41	26.24350856533592	3.680163314404767	Colon	Positive	MSEB0010	G121eO301A	B12	11099.17694	18995.86744	5000	Lid8_Covaris_500639	Success	2	19	G121e	ULV2_Full	TecanUDI_A_8nt	positive	50684406	2677406	6030920	43981830	351727	146876	18895	18820	167136	7602660900	387169744	3022146063	5730196	1317582	281329	791793	3339492	0.741656	0.5087835714285714	0.420135388	2677406	2676458	2674786	543	1518	130	2676863	2674940	2674656	2674532	2173881	500651	2173881	1828452	0.7242666666666666	2632106.6666666665	0.3664571428571428	0.3934142857142857	16.632442857142856	527829	122321	1345	14105	665600	0.1837755408653846	retained	50684406	2677406	0.9471749555474716	0.3975116216218456	1.0713354320459038e-5	2.9950040254984936e-5	2.5648914579367863e-6	2674532	0.04289052928823907	0.8119355077265085	0.8128079978104581	0.8411003178186847
M300787	90	38.53970550868824	3.889257128216256	Colon	Positive	MSEB0010	G121eO301A	B12	10460.97366	19686.93828	5000	Lid8_Covaris_500639	Success	3	19	G121e	ULV2_Full	TecanUDI_A_8nt	positive	38202246	16950650	2809750	21904390	162713	57366	14400	13801	77146	5730336900	2462489207	1389094579	2788385	543900	175323	498040	1571122	0.6510831428571429	0.5133392857142858	0.21908294571428572	16950650	16937350	16935850	11863	1417	338	16938787	16935933	16935512	16935178	14077378	2857800	14077378	13432620	0.7223166666666667	2606447.6666666665	0.6450999999999999	0.66872857142857145	16.772142857142857	3298866	756464	7546	90630	4153506	0.18212661785007653	retained	38202246	16950650	0.5562917949902736	0.2424106301673118	3.1053148026951086e-4	3.709205997992893e-5	8.847647334661947e-6	16935178	0.3684960826648779	0.8304919280381579	0.8312506665120378	0.9541989992738704
M300788	54	29.287320698865372	3.684179944703888	Colon	Positive	MSEB0010	G121eO301A	B12	10442.08368	20914.3589	5000	Lid8_Covaris_500639	Success	1	19	G121e	ULV2_Full	TecanUDI_A_8nt	positive	33511326	4350956	3411596	27288393	206881	81414	14359	12380	98728	5026698900	629990930	1851047219	3431122	734763	184332	497377	2014650	0.7237405714285714	0.5115564285714286	0.3225070057142857	4350956	4349360	4347728	1124	1393	108	4349832	4347967	4347620	4347514	3609313	738201	3609313	3231133	0.7180833333333334	2611299.5	0.42572857142857146	0.4536857142857143	16.734242857142856	827529	199942	2048	24366	1053885	0.18971899211014484	retained	33511326	4350956	0.8701646124059669	0.3682431066241107	3.354089897845284e-5	4.1568035833616374e-5	3.22279100504707e-6	4347514	0.10770427287777272	0.8295448172769386	0.8302015818695466	0.8952210573037029
M300791	43	24.334441354722504	3.782462421946452	Colon	Positive	MSEB0010	G121eO301A	B12	11146.55684	21763.21792	5000	Lid8_Covaris_500639	Success	2	19	G121e	ULV2_Full	TecanUDI_A_8nt	positive	41962482	3554690	4782744	35391848	278997	112410	15474	16450	134663	6294372300	514088469	2429613009	4738219	1016762	210592	695851	2815014	0.7330068571428571	0.5084502857142857	0.3975123424285714	3554690	3480468	3478256	72888	2033	97	3481802	3478435	3478159	3478068	2951450	526618	2951450	2568036	0.6984333333333334	2592378.1666666665	0.4350428571428571	0.463	16.43792857142857	697060	192427	1706	19448	910641	0.21130939634828655	retained	41962482	3554690	0.9152888525516676	0.38599766477111624	0.0017369801910192	4.844803984664205e-5	2.3115887187035316e-6	3478068	0.07033544869914987	0.8302974380325711	0.8485889292561273	0.8700930051330702
M300792	87	37.42007121688863	4.0922470989964275	Colon	Positive	MSEB0010	G121eO301A	B12	11630.3341	20543.5896	5000	Lid8_Covaris_500639	Fail	3	19	G121e	ULV2_Full	TecanUDI_A_8nt	positive	33761158	15522968	2436090	19402903	156688	57030	15465	21266	62927	5064173700	2243610652	1212692537	2893928	533400	186948	789328	1384252	0.639533	0.4998067142857142	0.22098158557142855	15522968	15516256	15334926	5362	180134	661	15517606	15336122	15334265	15333970	12468876	2865094	12468876	11857288	0.6790833333333333	2615414.3333333335	0.6158285714285714	0.6406714285714286	16.861228571428573	3130576	823278	6889	80188	4040931	0.20373473340673223	retained	33761158	15522968	0.5402122166544169	0.23946503592481436	1.588215664877372e-4	0.00533553973474488	1.95787123178654e-5	15333970	0.3693260758413559	0.8032533469114927	0.813153801657366	0.9509508314943544
M300794	90	38.20674017048432	3.888710453303173	Colon	Positive	MSEB0010	G121eO301A	B12	11673.93686	21223.36474	5000	Lid8_Covaris_500639	Success	1	19	G121e	ULV2_Full	TecanUDI_A_8nt	positive	45052674	17322724	3655524	28020456	243319	98564	16634	22231	105890	6757901100	2514716195	1805561865	4094576	897179	209376	857214	2130807	0.6614438571428571	0.5085531428571428	0.26731182014285715	17322724	17318582	17315166	2956	3268	291	17319768	17315314	17314875	17314598	14320007	2994591	14320007	13651444	0.6891166666666666	2595689.5	0.6615857142857143	0.6843571428571429	16.731042857142857	3360002	787429	8362	91350	4247143	0.18540204556333517	retained	45052674	17322724	0.6155006470870076	0.267177906021738	6.561208775310428e-5	7.25373148772479e-5	6.459106067710876e-6	17314598	0.31785032337925156	0.8266602296497941	0.8270481936687182	0.953312662486827
M300797	78	33.23248891822104	3.840659517951584	Colon	Positive	MSEB0010	G121eO301A	B12	12879.97508	20904.88182	5000	Lid8_Covaris_500639	Success	3	19	G121e	ULV2_Full	TecanUDI_A_8nt	positive	38076740	13684102	3387192	24055589	210450	88084	13205	14730	94431	5711511000	1990248010	1569176633	3447936	800962	169931	569665	1907378	0.6666334285714286	0.5048352857142857	0.2651572007142857	13684102	13680792	13676896	2087	3772	277	13682015	13677020	13676619	13676346	11331472	2344874	11331472	10681249	0.6932333333333334	2576668.1666666665	0.6262428571428572	0.6504142857142857	16.6822	2760163	611045	6200	70683	3448091	0.17721255036482506	retained	38076740	13684102	0.6406178154957594	0.2747393173190072	5.481036454276285e-5	9.90631025660285e-5	7.274782452489368e-6	13676346	0.2975956450053235	0.8280756749693915	0.8285452854146861	0.9426179581964284
M300798	99	33.44687846094603	3.97427601924706	Colon	Positive	MSEB0010	G121eO301A	B12	12256.4919	21371.44612	5000	Lid8_Covaris_500639	Success	2	19	G121e	ULV2_Full	TecanUDI_A_8nt	positive	42306872	27309056	2226486	16520103	179870	66099	25995	28558	59218	6346030800	4014109754	989903645	3294560	648826	296519	1065174	1284041	0.595735	0.4969807142857143	0.18740942957142856	27309056	24834904	24819850	2447811	14670	571	24861245	24820234	24819279	24818782	20830618	3988164	20830618	20084870	0.6713	2516026.1666666665	0.7394571428571429	0.7584285714285715	16.586814285714286	5393355	2178580	10771	123194	7705900	0.2827158411087608	retained	42306872	27309056	0.35450070617369206	0.1559878412503135	0.05785847273227858	3.4675217775495196e-4	1.3496625323659004e-5	24818782	0.4923696084172803	0.7627732719871386	0.8393086332762019	0.964199429896895
